"","Datetime","AQI","PM2.5","PM10","SO2","CO","NO2","O3_8h","kmean"
"1",2015-10-01,60,39,70,14,0.9,27,104,4
"2",2015-10-02,88,35,92,18,0.9,40,145,1
"3",2015-10-03,114,38,68,13,0.7,32,175,1
"4",2015-10-04,85,28,44,11,0.6,31,141,2
"5",2015-10-05,57,28,37,10,0.7,45,97,2
"6",2015-10-06,72,21,34,11,0.6,34,126,2
"7",2015-10-07,75,18,33,11,0.6,22,130,2
"8",2015-10-08,50,18,36,10,0.6,32,100,2
"9",2015-10-09,104,78,107,25,1.1,60,129,3
"10",2015-10-10,85,63,96,26,1,60,129,4
"11",2015-10-11,83,57,100,28,1,66,126,3
"12",2015-10-12,109,82,128,29,1.3,94,153,3
"13",2015-10-13,132,100,144,31,1.4,115,180,3
"14",2015-10-14,133,101,138,22,1.2,99,155,3
"15",2015-10-15,79,30,47,13,0.6,50,134,4
"16",2015-10-16,85,41,56,15,0.7,50,141,4
"17",2015-10-17,67,32,48,15,0.6,53,113,4
"18",2015-10-18,89,42,52,13,0.7,38,146,1
"19",2015-10-19,84,41,55,15,0.6,43,140,1
"20",2015-10-20,73,36,50,14,0.6,42,127,2
"21",2015-10-21,90,47,67,15,0.7,46,148,1
"22",2015-10-22,114,82,105,15,0.9,47,175,1
"23",2015-10-23,73,43,69,14,0.7,47,127,4
"24",2015-10-24,64,46,62,15,0.7,39,111,4
"25",2015-10-25,63,45,63,14,0.8,37,109,4
"26",2015-10-26,78,49,75,14,0.8,40,133,4
"27",2015-10-27,100,75,121,21,1.3,54,84,3
"28",2015-10-28,93,66,122,24,1,74,83,3
"29",2015-10-29,63,36,68,13,0.7,50,78,4
"30",2015-10-30,48,31,46,14,0.7,31,95,2
"31",2015-10-31,47,20,38,14,0.6,27,94,2
"32",2015-11-01,68,38,52,14,0.9,54,68,4
"33",2015-11-02,156,119,153,37,1.5,87,120,3
"34",2015-11-03,119,90,106,21,1.4,84,112,3
"35",2015-11-04,69,33,51,13,0.8,55,67,4
"36",2015-11-05,73,41,66,18,0.8,58,64,4
"37",2015-11-06,43,21,37,13,0.6,34,75,2
"38",2015-11-07,65,47,52,16,1.1,39,48,4
"39",2015-11-08,120,91,110,22,2.1,49,12,3
"40",2015-11-09,112,84,102,18,1.3,52,36,3
"41",2015-11-10,77,56,61,18,0.9,44,85,4
"42",2015-11-11,54,32,53,13,0.6,43,90,2
"43",2015-11-12,102,57,77,15,1,83,65,4
"44",2015-11-13,75,51,54,13,1.1,60,31,4
"45",2015-11-14,165,125,153,23,1.5,67,122,3
"46",2015-11-15,148,113,138,21,1.5,69,111,3
"47",2015-11-16,102,76,100,16,1.4,57,88,3
"48",2015-11-17,53,28,24,11,1,42,77,2
"49",2015-11-18,46,26,46,10,0.8,35,82,2
"50",2015-11-19,68,30,46,13,0.7,54,63,4
"51",2015-11-20,79,45,55,14,0.8,63,64,4
"52",2015-11-21,67,28,24,10,0.9,53,58,4
"53",2015-11-22,57,30,45,12,1,45,80,4
"54",2015-11-23,59,32,37,11,1.1,47,67,4
"55",2015-11-24,35,19,34,9,0.8,26,69,2
"56",2015-11-25,46,32,44,13,0.7,34,71,2
"57",2015-11-26,69,50,68,24,0.9,33,59,4
"58",2015-11-27,85,45,68,23,1,68,58,4
"59",2015-11-28,112,68,97,22,1.1,103,52,3
"60",2015-11-29,110,83,108,14,1.5,95,13,3
"61",2015-11-30,179,135,155,30,1.9,106,74,3
"62",2015-12-01,88,60,60,17,1,70,80,4
"63",2015-12-02,107,80,110,23,1.1,62,58,3
"64",2015-12-03,96,54,142,30,0.9,56,58,3
"65",2015-12-04,79,48,94,36,1.1,63,47,3
"66",2015-12-05,103,72,113,28,1.4,85,15,3
"67",2015-12-06,135,103,154,31,1.6,77,27,3
"68",2015-12-07,108,81,103,25,1.3,68,73,3
"69",2015-12-08,78,32,51,16,0.7,62,74,4
"70",2015-12-09,101,39,59,16,0.9,81,32,4
"71",2015-12-10,74,41,56,14,1.3,59,21,4
"72",2015-12-11,103,77,84,16,1,40,61,4
"73",2015-12-12,79,46,66,21,0.9,63,56,4
"74",2015-12-13,85,63,68,18,1,64,37,4
"75",2015-12-14,196,147,185,41,1.5,77,58,3
"76",2015-12-15,266,216,256,67,2.2,90,42,3
"77",2015-12-16,92,68,93,36,1,54,52,3
"78",2015-12-17,58,38,62,28,0.8,46,50,4
"79",2015-12-18,90,47,64,26,1,72,40,4
"80",2015-12-19,80,35,44,17,0.8,64,67,4
"81",2015-12-20,92,49,47,15,1.1,73,30,4
"82",2015-12-21,179,135,141,24,1.4,73,39,3
"83",2015-12-22,119,90,108,21,1.3,86,20,3
"84",2015-12-23,238,188,216,29,2.1,75,21,3
"85",2015-12-24,77,56,68,16,1,53,61,4
"86",2015-12-25,229,179,180,34,1.7,73,73,3
"87",2015-12-26,144,110,108,30,1.5,90,50,3
"88",2015-12-27,92,68,85,20,1.1,57,71,4
"89",2015-12-28,53,34,56,16,0.7,33,73,2
"90",2015-12-29,83,54,78,20,0.9,66,70,4
"91",2015-12-30,122,92,128,28,1.4,96,57,3
"92",2015-12-31,175,132,150,27,1.4,59,84,3
"93",2016-01-01,79,58,71,17,0.9,60,81,4
"94",2016-01-02,133,101,145,26,1.4,87,63,3
"95",2016-01-03,207,157,187,28,1.8,127,33,3
"96",2016-01-04,163,124,150,28,1.4,84,90,3
"97",2016-01-05,53,25,29,13,0.6,28,103,2
"98",2016-01-06,64,46,60,18,0.7,35,80,4
"99",2016-01-07,100,75,97,25,1.1,62,59,3
"100",2016-01-08,89,66,90,34,1,57,66,3
"101",2016-01-09,147,112,129,41,1.3,83,90,3
"102",2016-01-10,82,60,71,27,0.8,63,71,4
"103",2016-01-11,63,45,59,17,0.7,35,83,4
"104",2016-01-12,58,41,51,18,0.7,33,82,4
"105",2016-01-13,158,120,128,40,1.5,67,44,3
"106",2016-01-14,213,163,192,53,2.1,95,43,3
"107",2016-01-15,188,141,171,44,1.7,106,63,3
"108",2016-01-16,169,128,142,40,1.5,88,85,3
"109",2016-01-17,109,82,124,21,1,42,93,3
"110",2016-01-18,175,132,140,31,1.3,49,77,3
"111",2016-01-19,110,83,95,32,1.1,46,77,3
"112",2016-01-20,44,23,36,16,0.6,35,67,2
"113",2016-01-21,40,15,24,12,0.6,32,59,2
"114",2016-01-22,53,37,44,15,0.8,29,74,2
"115",2016-01-23,57,40,55,22,0.8,24,75,4
"116",2016-01-24,66,28,81,22,0.7,20,71,4
"117",2016-01-25,65,34,78,22,0.8,52,61,4
"118",2016-01-26,104,54,89,25,1,87,61,3
"119",2016-01-27,104,40,56,16,1,87,29,4
"120",2016-01-28,82,22,26,11,1,65,37,4
"121",2016-01-29,46,24,46,12,0.8,36,73,2
"122",2016-01-30,55,32,60,14,0.7,31,73,2
"123",2016-01-31,75,55,80,19,1,34,84,4
"124",2016-02-01,63,45,49,17,0.9,28,79,4
"125",2016-02-02,115,87,103,32,1.4,58,79,3
"126",2016-02-03,75,53,67,22,1,60,74,4
"127",2016-02-04,80,35,46,19,0.8,64,63,4
"128",2016-02-05,178,134,142,34,1.5,78,122,3
"129",2016-02-06,77,56,72,23,1,34,98,4
"130",2016-02-07,80,59,90,22,1,48,119,4
"131",2016-02-08,114,86,140,24,0.9,45,121,3
"132",2016-02-09,100,75,112,26,1,49,124,3
"133",2016-02-10,75,32,55,19,0.6,29,129,2
"134",2016-02-11,62,20,32,15,0.6,22,114,2
"135",2016-02-12,42,25,31,12,0.7,27,84,2
"136",2016-02-13,75,55,70,11,1.4,30,56,4
"137",2016-02-14,48,33,42,12,0.7,20,82,2
"138",2016-02-15,45,30,43,19,0.7,28,89,2
"139",2016-02-16,54,36,51,22,0.7,43,90,4
"140",2016-02-17,79,58,71,31,1,59,89,4
"141",2016-02-18,93,69,84,22,0.8,57,109,4
"142",2016-02-19,103,69,83,19,0.9,85,61,4
"143",2016-02-20,103,77,110,23,0.8,42,102,4
"144",2016-02-21,82,40,114,15,0.7,32,102,4
"145",2016-02-22,63,37,76,11,0.6,33,103,2
"146",2016-02-23,70,47,89,12,0.7,26,93,4
"147",2016-02-24,50,33,49,15,0.6,26,100,2
"148",2016-02-25,62,44,60,16,0.7,39,110,4
"149",2016-02-26,95,71,99,18,0.8,59,108,4
"150",2016-02-27,79,58,99,18,0.8,54,104,4
"151",2016-02-28,85,63,104,18,0.8,41,98,4
"152",2016-02-29,70,51,69,18,0.7,33,106,4
"153",2016-03-01,53,32,55,15,0.6,39,94,2
"154",2016-03-02,90,67,92,18,0.8,52,120,4
"155",2016-03-03,101,66,109,22,0.9,82,91,3
"156",2016-03-04,53,28,55,17,0.5,41,102,2
"157",2016-03-05,110,83,123,19,0.9,48,145,3
"158",2016-03-06,108,81,91,12,0.8,37,75,4
"159",2016-03-07,97,72,100,14,0.9,52,82,4
"160",2016-03-08,46,14,20,10,0.5,25,91,2
"161",2016-03-09,49,16,45,10,0.5,18,97,2
"162",2016-03-10,45,18,35,13,0.5,24,90,2
"163",2016-03-11,83,55,77,24,0.9,66,93,4
"164",2016-03-12,107,80,99,23,0.8,41,149,1
"165",2016-03-13,73,53,63,14,0.7,43,124,4
"166",2016-03-14,89,66,86,17,0.8,36,125,4
"167",2016-03-15,59,38,48,14,0.5,38,110,2
"168",2016-03-16,67,42,67,14,0.6,53,97,4
"169",2016-03-17,68,36,45,12,0.6,54,74,4
"170",2016-03-18,118,89,116,23,1.2,87,52,3
"171",2016-03-19,67,31,39,12,0.6,53,65,2
"172",2016-03-20,69,50,78,17,0.6,53,115,4
"173",2016-03-21,72,52,68,15,0.6,41,116,4
"174",2016-03-22,58,36,51,15,0.5,46,96,2
"175",2016-03-23,66,30,57,14,0.4,29,119,2
"176",2016-03-24,55,20,53,12,0.4,20,106,2
"177",2016-03-25,72,30,61,18,0.5,34,126,2
"178",2016-03-26,78,53,82,19,0.6,62,129,4
"179",2016-03-27,134,102,130,25,0.9,61,118,3
"180",2016-03-28,117,88,117,26,0.8,69,161,3
"181",2016-03-29,95,66,107,22,0.8,76,137,4
"182",2016-03-30,98,72,109,23,0.8,78,109,3
"183",2016-03-31,87,48,77,12,0.7,69,98,4
"184",2016-04-01,113,85,102,13,0.8,55,152,1
"185",2016-04-02,74,54,59,12,0.6,46,114,4
"186",2016-04-03,73,53,65,11,0.8,50,93,4
"187",2016-04-04,53,21,47,14,0.5,37,103,2
"188",2016-04-05,60,24,49,16,0.5,48,82,2
"189",2016-04-06,68,33,42,11,0.7,54,74,4
"190",2016-04-07,89,60,93,15,1.1,71,44,4
"191",2016-04-08,79,40,43,13,0.6,63,89,4
"192",2016-04-09,74,44,68,14,0.6,59,116,4
"193",2016-04-10,93,69,98,17,0.7,61,83,4
"194",2016-04-11,59,38,58,14,0.6,47,104,4
"195",2016-04-12,68,49,84,11,0.7,51,90,4
"196",2016-04-13,117,88,102,16,1,69,139,3
"197",2016-04-14,159,121,146,14,0.9,60,161,3
"198",2016-04-15,97,72,112,15,0.6,49,130,4
"199",2016-04-16,57,29,47,12,0.6,36,108,2
"200",2016-04-17,72,52,78,18,0.8,36,125,4
"201",2016-04-18,81,27,52,13,0.4,40,137,2
"202",2016-04-19,80,25,50,12,0.4,31,135,2
"203",2016-04-20,59,24,43,11,0.6,40,110,2
"204",2016-04-21,117,63,114,15,1,64,178,1
"205",2016-04-22,156,99,124,20,1.1,61,221,3
"206",2016-04-23,105,36,42,10,0.6,24,165,1
"207",2016-04-24,85,50,100,12,0.7,41,141,1
"208",2016-04-25,69,38,88,11,0.6,51,99,4
"209",2016-04-26,59,35,62,11,0.6,47,91,4
"210",2016-04-27,80,59,101,13,0.8,45,105,4
"211",2016-04-28,120,91,126,22,1.2,50,172,3
"212",2016-04-29,150,115,144,27,1.3,78,208,3
"213",2016-04-30,146,74,91,18,0.7,43,210,1
"214",2016-05-01,112,47,70,13,0.7,31,173,1
"215",2016-05-02,65,38,52,11,0.7,36,118,2
"216",2016-05-03,89,33,93,13,0.6,38,146,1
"217",2016-05-04,125,48,111,17,0.7,60,187,1
"218",2016-05-05,63,39,70,10,0.7,48,115,4
"219",2016-05-06,115,74,100,15,0.9,38,176,1
"220",2016-05-07,143,61,235,10,0.5,32,130,1
"221",2016-05-08,62,26,73,11,0.5,30,106,2
"222",2016-05-09,65,46,62,10,0.6,52,90,4
"223",2016-05-10,59,29,51,11,0.6,47,94,2
"224",2016-05-11,163,89,110,20,1,58,228,1
"225",2016-05-12,133,58,82,15,0.7,34,196,1
"226",2016-05-13,90,67,85,10,0.8,33,148,1
"227",2016-05-14,63,35,48,8,0.5,24,115,2
"228",2016-05-15,51,32,51,10,0.9,34,83,2
"229",2016-05-16,96,43,62,16,0.8,42,155,1
"230",2016-05-17,95,30,51,13,0.5,45,153,1
"231",2016-05-18,121,43,71,14,0.5,33,183,1
"232",2016-05-19,110,49,65,16,0.6,25,170,1
"233",2016-05-20,65,24,42,10,0.5,24,118,2
"234",2016-05-21,53,16,23,7,0.6,32,103,2
"235",2016-05-22,77,56,76,9,0.8,39,99,4
"236",2016-05-23,114,86,108,14,0.9,59,153,1
"237",2016-05-24,122,92,102,18,1,50,145,3
"238",2016-05-25,121,79,82,11,0.9,31,183,1
"239",2016-05-26,133,101,121,11,1.2,65,118,3
"240",2016-05-27,53,32,28,9,0.7,42,85,2
"241",2016-05-28,68,30,32,9,0.8,54,88,4
"242",2016-05-29,79,48,69,10,1.3,63,42,4
"243",2016-05-30,78,57,71,10,0.7,42,130,4
"244",2016-05-31,90,67,89,12,0.8,41,145,1
"245",2016-06-01,78,24,48,9,0.6,27,133,2
"246",2016-06-02,69,37,46,10,0.5,29,122,2
"247",2016-06-03,67,19,28,8,0.5,28,120,2
"248",2016-06-04,65,40,55,10,0.8,32,118,2
"249",2016-06-05,65,29,32,10,0.6,27,117,2
"250",2016-06-06,64,37,50,9,0.5,25,116,2
"251",2016-06-07,58,41,54,9,0.6,32,98,2
"252",2016-06-08,50,35,50,9,0.6,37,77,2
"253",2016-06-09,46,29,38,9,0.5,29,91,2
"254",2016-06-10,54,32,46,8,0.5,20,104,2
"255",2016-06-11,73,53,78,11,0.7,37,117,4
"256",2016-06-12,49,21,18,9,0.5,34,97,2
"257",2016-06-13,69,31,44,12,0.6,35,122,2
"258",2016-06-14,131,40,58,12,0.6,31,194,1
"259",2016-06-15,117,67,92,13,0.9,44,178,1
"260",2016-06-16,139,106,126,14,1.2,59,115,3
"261",2016-06-17,128,63,69,12,0.8,35,190,1
"262",2016-06-18,95,29,44,12,0.7,30,153,1
"263",2016-06-19,71,27,46,13,0.7,34,125,2
"264",2016-06-20,43,17,26,9,0.6,34,48,2
"265",2016-06-21,110,47,75,12,0.8,51,171,1
"266",2016-06-22,63,37,56,10,0.8,50,79,4
"267",2016-06-23,119,55,78,12,0.8,43,180,1
"268",2016-06-24,68,40,69,12,0.7,32,121,4
"269",2016-06-25,58,41,43,7,0.8,44,101,2
"270",2016-06-26,88,33,32,7,0.6,22,145,2
"271",2016-06-27,73,30,42,7,0.8,45,127,2
"272",2016-06-28,85,63,68,10,1.3,67,65,4
"273",2016-06-29,52,30,38,9,0.8,41,59,2
"274",2016-06-30,110,34,59,11,0.7,34,170,1
"275",2016-07-01,58,30,53,11,0.8,38,109,2
"276",2016-07-02,52,19,36,10,0.8,41,69,2
"277",2016-07-03,74,54,74,11,0.9,42,109,4
"278",2016-07-04,93,36,48,11,0.7,28,151,1
"279",2016-07-05,87,23,42,10,0.7,33,144,2
"280",2016-07-06,47,22,45,9,0.6,30,94,2
"281",2016-07-07,32,12,32,8,0.5,16,48,2
"282",2016-07-08,24,9,24,10,0.5,16,47,2
"283",2016-07-09,27,11,27,9,0.5,16,52,2
"284",2016-07-10,30,15,30,8,0.6,21,55,2
"285",2016-07-11,37,23,35,7,0.6,29,71,2
"286",2016-07-12,129,60,87,10,0.9,37,191,1
"287",2016-07-13,150,58,87,10,1,50,214,1
"288",2016-07-14,88,53,64,9,1.2,70,49,4
"289",2016-07-15,129,54,72,10,1,49,191,1
"290",2016-07-16,92,65,93,9,1,36,150,1
"291",2016-07-17,102,76,77,9,0.9,28,162,1
"292",2016-07-18,81,31,50,8,0.6,21,137,2
"293",2016-07-19,100,31,54,9,0.6,23,159,1
"294",2016-07-20,140,39,70,11,0.7,25,203,1
"295",2016-07-21,161,43,69,14,0.8,33,226,1
"296",2016-07-22,169,47,77,14,0.8,35,234,1
"297",2016-07-23,137,44,77,13,0.8,29,200,1
"298",2016-07-24,117,40,64,11,0.7,21,178,1
"299",2016-07-25,91,23,42,10,0.6,17,149,2
"300",2016-07-26,168,37,63,12,0.7,25,233,1
"301",2016-07-27,128,47,80,12,0.9,39,190,1
"302",2016-07-28,136,66,99,12,1,52,199,1
"303",2016-07-29,156,71,93,11,0.9,34,221,1
"304",2016-07-30,70,35,45,8,0.6,14,124,2
"305",2016-07-31,38,14,28,9,0.4,11,75,2
"306",2016-08-01,32,14,29,10,0.5,13,64,2
"307",2016-08-02,57,16,36,10,0.6,18,108,2
"308",2016-08-03,50,18,37,9,0.7,40,58,2
"309",2016-08-04,62,26,39,13,0.7,49,99,2
"310",2016-08-05,41,20,32,9,0.6,24,81,2
"311",2016-08-06,39,16,28,10,0.6,18,78,2
"312",2016-08-07,42,9,22,9,0.5,14,83,2
"313",2016-08-08,33,9,20,10,0.5,18,65,2
"314",2016-08-09,26,10,25,9,0.5,17,51,2
"315",2016-08-10,31,10,23,8,0.5,16,61,2
"316",2016-08-11,30,15,27,10,0.5,16,59,2
"317",2016-08-12,27,13,25,9,0.6,15,54,2
"318",2016-08-13,35,16,30,9,0.6,14,70,2
"319",2016-08-14,65,22,36,10,0.7,16,117,2
"320",2016-08-15,55,14,29,9,0.7,15,105,2
"321",2016-08-16,48,18,31,12,0.7,19,96,2
"322",2016-08-17,44,18,33,11,0.7,20,87,2
"323",2016-08-18,52,17,36,11,0.7,17,102,2
"324",2016-08-19,80,20,38,10,0.7,24,135,2
"325",2016-08-20,96,29,48,11,0.7,28,155,1
"326",2016-08-21,44,25,37,11,0.7,19,87,2
"327",2016-08-22,70,22,35,11,0.7,19,124,2
"328",2016-08-23,84,20,34,11,0.7,20,140,2
"329",2016-08-24,86,18,35,11,0.7,23,143,2
"330",2016-08-25,67,24,39,12,0.7,24,120,2
"331",2016-08-26,57,18,36,10,0.7,16,108,2
"332",2016-08-27,60,17,43,13,0.7,25,111,2
"333",2016-08-28,105,22,54,16,0.8,24,165,1
"334",2016-08-29,90,23,48,14,0.8,32,148,1
"335",2016-08-30,94,30,64,19,0.9,45,152,1
"336",2016-08-31,135,38,76,17,0.9,49,198,1
"337",2016-09-01,140,63,95,16,1,37,204,1
"338",2016-09-02,163,68,97,16,1.1,42,228,1
"339",2016-09-03,113,66,82,14,0.9,33,174,1
"340",2016-09-04,65,32,42,11,0.7,18,117,2
"341",2016-09-05,67,28,42,13,0.8,28,120,2
"342",2016-09-06,64,40,63,16,0.8,51,111,4
"343",2016-09-07,63,35,42,10,0.8,50,98,4
"344",2016-09-08,116,69,77,14,1,63,177,1
"345",2016-09-09,116,66,64,13,1,51,177,1
"346",2016-09-10,80,48,57,12,0.8,31,135,1
"347",2016-09-11,65,47,57,11,0.8,44,106,4
"348",2016-09-12,74,35,46,11,0.7,32,128,2
"349",2016-09-13,74,30,37,11,0.7,29,128,2
"350",2016-09-14,49,17,25,10,0.7,39,90,2
"351",2016-09-15,33,7,10,10,0.6,21,66,2
"352",2016-09-16,23,8,16,10,0.6,18,40,2
"353",2016-09-17,38,13,23,11,0.6,20,75,2
"354",2016-09-18,53,31,55,12,0.7,18,98,2
"355",2016-09-19,47,16,40,12,0.7,20,94,2
"356",2016-09-20,49,17,41,12,0.6,29,98,2
"357",2016-09-21,48,15,29,12,0.6,38,94,2
"358",2016-09-22,52,16,28,13,0.6,39,102,2
"359",2016-09-23,60,27,37,14,0.6,48,100,2
"360",2016-09-24,87,32,44,12,0.6,32,144,1
"361",2016-09-25,85,34,46,11,0.6,33,142,2
"362",2016-09-26,41,26,38,11,0.6,30,82,2
"363",2016-09-27,32,18,32,12,0.5,23,36,2
"364",2016-09-28,37,13,24,10,0.5,20,74,2
"365",2016-09-29,38,12,23,9,0.6,25,76,2
"366",2016-09-30,75,37,50,10,0.9,60,58,4
"367",2016-10-01,70,51,76,13,1,43,94,4
"368",2016-10-02,45,22,32,13,0.6,23,90,2
"369",2016-10-03,47,26,27,11,0.9,28,93,2
"370",2016-10-04,39,17,31,10,0.6,24,77,2
"371",2016-10-05,51,35,51,12,0.7,27,89,2
"372",2016-10-06,72,24,44,10,0.6,20,126,2
"373",2016-10-07,58,24,49,11,0.7,46,82,2
"374",2016-10-08,55,16,33,11,0.5,21,105,2
"375",2016-10-09,43,10,37,11,0.4,19,85,2
"376",2016-10-10,48,10,32,11,0.4,24,96,2
"377",2016-10-11,53,12,29,12,0.5,29,103,2
"378",2016-10-12,70,29,50,14,0.6,28,123,2
"379",2016-10-13,46,20,42,12,0.5,35,92,2
"380",2016-10-14,50,26,46,13,0.6,40,92,2
"381",2016-10-15,45,16,41,13,0.5,36,88,2
"382",2016-10-16,68,45,63,17,0.9,54,99,4
"383",2016-10-17,48,33,37,17,0.7,32,94,2
"384",2016-10-18,55,18,31,12,0.6,33,105,2
"385",2016-10-19,54,28,53,13,0.7,43,87,2
"386",2016-10-20,53,23,31,12,0.6,42,73,2
"387",2016-10-21,38,8,12,10,0.5,25,75,2
"388",2016-10-22,29,5,9,9,0.5,21,57,2
"389",2016-10-23,48,20,38,10,0.6,21,95,2
"390",2016-10-24,47,20,38,12,0.6,37,92,2
"391",2016-10-25,62,33,48,15,1,49,42,4
"392",2016-10-26,70,24,21,11,0.9,56,78,4
"393",2016-10-27,54,15,23,10,0.6,43,80,2
"394",2016-10-28,47,23,30,11,0.7,37,65,2
"395",2016-10-29,37,15,37,10,0.5,24,69,2
"396",2016-10-30,39,13,38,10,0.5,30,78,2
"397",2016-10-31,49,16,31,11,0.6,39,65,2
"398",2016-11-01,42,14,28,10,0.4,23,84,2
"399",2016-11-02,78,28,53,13,0.6,62,83,4
"400",2016-11-03,104,63,96,19,1.1,87,96,3
"401",2016-11-04,101,67,87,16,0.9,81,132,4
"402",2016-11-05,101,70,95,16,0.9,82,126,4
"403",2016-11-06,89,64,68,17,0.9,71,94,4
"404",2016-11-07,65,35,41,14,0.6,52,71,4
"405",2016-11-08,41,15,30,10,0.6,22,81,2
"406",2016-11-09,37,14,32,10,0.5,27,73,2
"407",2016-11-10,75,35,54,15,0.8,60,47,4
"408",2016-11-11,83,49,82,19,0.9,66,68,4
"409",2016-11-12,69,36,71,14,0.7,55,100,4
"410",2016-11-13,85,52,68,12,0.9,68,32,4
"411",2016-11-14,113,85,102,19,1.2,70,79,3
"412",2016-11-15,60,43,69,14,0.8,33,90,4
"413",2016-11-16,69,14,37,13,0.6,55,67,2
"414",2016-11-17,73,17,23,12,0.6,58,49,2
"415",2016-11-18,88,65,85,14,1,65,89,4
"416",2016-11-19,144,110,130,23,1.7,96,21,3
"417",2016-11-20,58,41,32,12,1,34,64,4
"418",2016-11-21,68,29,45,13,0.9,54,50,4
"419",2016-11-22,38,9,16,10,0.6,23,75,2
"420",2016-11-23,47,18,21,12,0.6,37,53,2
"421",2016-11-24,67,48,53,20,1,52,58,4
"422",2016-11-25,82,42,53,17,0.8,65,37,4
"423",2016-11-26,73,32,33,14,1.1,58,42,4
"424",2016-11-27,128,97,126,40,1.6,80,64,3
"425",2016-11-28,80,59,108,22,1,59,81,4
"426",2016-11-29,83,20,44,14,0.7,66,51,4
"427",2016-11-30,104,50,83,18,1,87,26,4
"428",2016-12-01,128,97,131,27,1.3,69,93,3
"429",2016-12-02,73,27,48,14,0.8,58,79,4
"430",2016-12-03,75,24,44,14,0.7,60,85,4
"431",2016-12-04,106,79,119,23,1.3,92,62,3
"432",2016-12-05,159,121,159,25,1.5,94,72,3
"433",2016-12-06,64,35,62,16,0.8,51,66,4
"434",2016-12-07,128,97,129,26,1.3,99,56,3
"435",2016-12-08,169,128,156,24,1.4,115,120,3
"436",2016-12-09,115,87,96,22,1.1,67,95,3
"437",2016-12-10,45,16,30,14,0.6,36,70,2
"438",2016-12-11,44,14,30,14,0.6,35,71,2
"439",2016-12-12,87,30,58,15,1,69,39,4
"440",2016-12-13,64,33,52,13,0.8,51,60,4
"441",2016-12-14,38,19,38,13,0.5,28,65,2
"442",2016-12-15,84,62,79,27,1.1,59,62,4
"443",2016-12-16,185,139,150,38,1.7,88,75,3
"444",2016-12-17,142,108,136,23,1.3,81,80,3
"445",2016-12-18,101,41,83,16,1.3,81,55,4
"446",2016-12-19,107,62,93,21,1.4,94,30,3
"447",2016-12-20,69,42,46,14,0.8,55,71,4
"448",2016-12-21,70,31,37,13,0.9,56,36,4
"449",2016-12-22,118,89,113,16,1.5,57,57,3
"450",2016-12-23,175,132,126,26,1.8,63,62,3
"451",2016-12-24,52,22,30,14,0.7,41,62,2
"452",2016-12-25,65,17,23,13,0.7,52,51,2
"453",2016-12-26,69,17,20,11,1,55,54,4
"454",2016-12-27,42,28,42,13,0.8,30,66,2
"455",2016-12-28,65,35,50,17,0.9,52,43,4
"456",2016-12-29,84,62,79,19,1,49,74,4
"457",2016-12-30,97,50,69,17,1,77,42,4
"458",2016-12-31,104,45,66,22,1.2,88,32,4
"459",2017-01-01,82,34,48,19,1,65,66,4
"460",2017-01-02,92,68,75,22,1.2,65,48,4
"461",2017-01-03,127,96,95,18,1.2,74,73,3
"462",2017-01-04,90,52,56,21,1,72,73,4
"463",2017-01-05,55,26,24,13,0.9,44,85,2
"464",2017-01-06,63,21,27,13,0.7,52,54,2
"465",2017-01-07,58,16,15,13,0.9,48,68,2
"466",2017-01-08,104,77,73,16,1.8,54,12,3
"467",2017-01-09,85,64,70,22,1.3,44,71,4
"468",2017-01-10,107,80,82,19,1.3,54,77,3
"469",2017-01-11,50,30,40,15,0.8,41,77,2
"470",2017-01-12,92,56,62,17,1.1,74,38,4
"471",2017-01-13,130,99,111,31,1.4,69,65,3
"472",2017-01-14,38,22,33,15,0.7,30,77,2
"473",2017-01-15,34,12,24,13,0.6,27,69,2
"474",2017-01-16,51,17,27,14,0.7,42,71,2
"475",2017-01-17,91,40,52,18,0.9,72,50,4
"476",2017-01-18,66,35,40,16,0.8,52,66,4
"477",2017-01-19,103,79,89,21,1.1,63,71,3
"478",2017-01-20,93,67,98,19,1,33,79,4
"479",2017-01-21,70,36,46,16,0.9,58,76,4
"480",2017-01-22,65,44,65,21,1,52,72,4
"481",2017-01-23,43,22,36,17,0.8,35,86,2
"482",2017-01-24,51,29,40,18,0.8,41,95,4
"483",2017-01-25,73,55,61,18,0.9,42,103,4
"484",2017-01-26,72,53,52,17,0.9,46,115,4
"485",2017-01-27,64,42,75,13,0.8,29,82,4
"486",2017-01-28,61,27,72,12,0.6,25,106,2
"487",2017-01-29,80,57,63,14,1.1,32,93,4
"488",2017-01-30,42,22,39,10,0.6,13,82,2
"489",2017-01-31,41,11,19,9,0.5,16,83,2
"490",2017-02-01,45,31,37,12,0.7,20,90,2
"491",2017-02-02,43,21,30,11,0.6,23,86,2
"492",2017-02-03,55,16,24,12,0.7,45,52,2
"493",2017-02-04,78,55,52,12,1.2,64,19,4
"494",2017-02-05,148,116,115,14,1.5,57,58,3
"495",2017-02-06,91,66,65,12,0.9,31,97,4
"496",2017-02-07,45,13,25,10,0.5,27,90,2
"497",2017-02-08,38,15,17,9,0.6,28,77,2
"498",2017-02-09,96,72,72,17,1.1,35,91,4
"499",2017-02-10,57,40,59,20,0.9,42,88,4
"500",2017-02-11,70,43,60,21,1,59,88,4
"501",2017-02-12,98,63,67,20,1.2,79,101,4
"502",2017-02-13,90,59,57,17,0.9,74,112,4
"503",2017-02-14,102,68,65,20,1.1,86,131,4
"504",2017-02-15,90,66,60,18,0.8,55,145,4
"505",2017-02-16,72,39,50,13,0.8,59,90,4
"506",2017-02-17,70,50,72,14,0.8,46,75,4
"507",2017-02-18,50,15,36,13,0.5,41,73,2
"508",2017-02-19,65,37,65,13,0.7,37,119,4
"509",2017-02-20,66,42,80,11,0.7,32,85,4
"510",2017-02-21,46,21,46,9,0.6,25,89,2
"511",2017-02-22,70,55,58,9,1,45,68,4
"512",2017-02-23,104,76,73,14,1,37,94,4
"513",2017-02-24,60,43,50,14,0.8,45,108,4
"514",2017-02-25,106,81,79,18,1.1,75,121,3
"515",2017-02-26,154,120,108,19,1.1,82,141,3
"516",2017-02-27,76,44,41,14,0.8,61,113,4
"517",2017-02-28,65,40,45,13,0.7,52,116,4
"518",2017-03-01,73,52,85,15,0.8,58,99,4
"519",2017-03-02,62,45,61,14,0.8,45,94,4
"520",2017-03-03,68,49,66,16,0.8,53,122,4
"521",2017-03-04,98,58,79,18,0.9,80,125,4
"522",2017-03-05,102,66,66,14,0.9,83,52,4
"523",2017-03-06,50,27,42,9,0.6,30,101,2
"524",2017-03-07,65,36,60,12,0.7,51,111,4
"525",2017-03-08,65,43,66,14,0.8,53,104,4
"526",2017-03-09,102,78,93,19,1,82,120,3
"527",2017-03-10,86,63,74,16,0.8,61,99,4
"528",2017-03-11,90,53,60,13,0.7,43,148,1
"529",2017-03-12,52,26,26,8,0.7,40,103,2
"530",2017-03-13,54,27,39,8,0.7,28,105,2
"531",2017-03-14,55,27,46,10,0.7,34,107,2
"532",2017-03-15,68,30,46,14,0.7,54,115,4
"533",2017-03-16,51,25,38,11,0.6,41,96,2
"534",2017-03-17,65,34,41,11,0.6,51,107,2
"535",2017-03-18,51,30,37,11,0.6,41,101,2
"536",2017-03-19,57,38,40,11,0.7,46,103,2
"537",2017-03-20,72,41,32,8,0.9,57,97,4
"538",2017-03-21,86,63,71,12,0.8,37,140,1
"539",2017-03-22,47,17,26,9,0.6,38,90,2
"540",2017-03-23,48,20,28,8,0.6,40,91,2
"541",2017-03-24,57,39,48,10,0.7,47,107,2
"542",2017-03-25,102,78,90,15,1.1,64,98,4
"543",2017-03-26,102,76,114,18,1,68,119,3
"544",2017-03-27,87,65,90,20,1,64,127,4
"545",2017-03-28,77,37,78,13,0.7,44,133,4
"546",2017-03-29,80,59,79,11,0.9,46,112,4
"547",2017-03-30,57,41,43,8,0.7,40,99,2
"548",2017-03-31,63,36,45,9,0.7,32,116,2
"549",2017-04-01,98,66,88,17,1,79,136,4
"550",2017-04-02,109,83,91,17,1,61,141,4
"551",2017-04-03,103,64,71,13,0.8,42,164,1
"552",2017-04-04,93,47,58,10,0.7,27,152,1
"553",2017-04-05,77,41,66,11,0.9,64,95,4
"554",2017-04-06,95,68,68,13,1,75,57,4
"555",2017-04-07,80,41,37,8,0.9,64,50,4
"556",2017-04-08,73,60,57,10,0.8,58,96,4
"557",2017-04-09,64,31,37,8,0.7,32,117,2
"558",2017-04-10,53,25,29,7,0.7,43,81,2
"559",2017-04-11,75,57,63,9,1.1,61,101,4
"560",2017-04-12,77,44,92,11,0.9,64,109,4
"561",2017-04-13,75,20,73,10,0.6,53,131,4
"562",2017-04-14,111,31,70,13,0.8,50,173,1
"563",2017-04-15,123,43,80,15,0.9,58,186,1
"564",2017-04-16,81,46,62,11,0.9,65,71,4
"565",2017-04-17,90,53,68,12,1.1,57,148,4
"566",2017-04-18,87,43,123,16,0.9,54,145,4
"567",2017-04-19,85,36,108,12,0.8,41,142,1
"568",2017-04-20,85,49,77,10,0.9,38,142,1
"569",2017-04-21,70,51,76,16,1,47,111,4
"570",2017-04-22,86,32,60,10,0.7,29,144,1
"571",2017-04-23,110,37,75,10,0.7,33,172,1
"572",2017-04-24,121,41,85,11,0.7,36,184,1
"573",2017-04-25,74,39,63,10,0.7,43,129,4
"574",2017-04-26,68,23,33,7,0.6,25,122,2
"575",2017-04-27,75,25,48,12,0.7,50,131,4
"576",2017-04-28,120,47,78,17,0.8,70,182,1
"577",2017-04-29,125,56,89,19,0.9,62,188,1
"578",2017-04-30,139,41,76,16,0.7,42,203,1
"579",2017-05-01,75,28,51,11,0.6,33,130,2
"580",2017-05-02,52,16,26,7,0.5,22,103,2
"581",2017-05-03,53,16,32,8,0.5,22,104,2
"582",2017-05-04,42,26,33,7,0.7,34,84,2
"583",2017-05-05,66,48,53,8,0.9,47,61,4
"584",2017-05-06,129,38.1921611322809,53.1469787697333,10,0.7,44,115,1
"585",2017-05-07,148,38.1921611322809,53.1469787697333,10,0.6,42,155,1
"586",2017-05-08,71,28,92,8,0.5,32,98,2
"587",2017-05-09,67,48,64,9,0.9,49,121,4
"588",2017-05-10,144,59,94,15,1,67,209,1
"589",2017-05-11,161,48,86,14,0.9,55,226,1
"590",2017-05-12,69,32,38,8,0.8,48,123,2
"591",2017-05-13,121,49,63,12,0.9,54,184,1
"592",2017-05-14,105,55,72,13,0.8,41,166,1
"593",2017-05-15,64,21,58,12,0.6,36,117,2
"594",2017-05-16,61,15,39,13,0.5,42,114,2
"595",2017-05-17,78,20,50,10,0.6,37,134,2
"596",2017-05-18,97,22,49,10,0.6,29,157,1
"597",2017-05-19,100,27,49,10,0.7,22,160,1
"598",2017-05-20,72,22,42,9,0.6,19,127,2
"599",2017-05-21,68,17,36,8,0.6,18,122,2
"600",2017-05-22,55,14,34,8,0.6,17,107,2
"601",2017-05-23,45,24,32,8,0.7,35,57,2
"602",2017-05-24,52,16,22,8,0.7,23,103,2
"603",2017-05-25,94,38,59,16,0.9,60,153,4
"604",2017-05-26,83,40,56,12,0.6,43,140,1
"605",2017-05-27,113,25,56,15,0.5,42,175,1
"606",2017-05-28,133,29,61,15,0.6,37,197,1
"607",2017-05-29,92,19,39,11,0.5,23,151,2
"608",2017-05-30,96,26,46,12,0.5,22,156,1
"609",2017-05-31,120,52,80,14,0.8,50,182,1
"610",2017-06-01,136,83,100,16,1,61,200,1
"611",2017-06-02,90,44,49,11,0.6,31,148,1
"612",2017-06-03,86,15,36,11,0.4,27,144,2
"613",2017-06-04,77,14,31,10,0.5,19,133,2
"614",2017-06-05,60,17,29,9,0.5,23,112,2
"615",2017-06-06,54,30,41,8,0.7,31,105,2
"616",2017-06-07,155,59,63,13,0.9,39,220,1
"617",2017-06-08,160,79,66,12,0.9,37,225,1
"618",2017-06-09,149,67,72,12,1,40,214,1
"619",2017-06-10,48,27,25,8,0.7,38,76,2
"620",2017-06-11,75,13,18,8,0.5,18,131,2
"621",2017-06-12,63,12,16,7,0.5,25,116,2
"622",2017-06-13,52,17,21,7,0.6,35,103,2
"623",2017-06-14,60,21,33,8,0.5,31,113,2
"624",2017-06-15,80,32,46,9,0.6,41,137,2
"625",2017-06-16,88,34,44,9,0.5,27,146,2
"626",2017-06-17,108,31,42,11,0.5,28,169,1
"627",2017-06-18,73,27,41,10,0.5,18,128,2
"628",2017-06-19,46,17,25,7,0.6,27,93,2
"629",2017-06-20,48,26,25,8,0.6,34,97,2
"630",2017-06-21,50,33,35,8,0.7,33,81,2
"631",2017-06-22,55,12,14,6,0.5,25,107,2
"632",2017-06-23,75,55,47,7,0.8,49,64,4
"633",2017-06-24,60,34,30,7,0.8,49,80,2
"634",2017-06-25,66,49,46,8,0.9,48,50,4
"635",2017-06-26,119,93,82,11,1.1,50,133,4
"636",2017-06-27,123,96,75,10,1.1,49,167,1
"637",2017-06-28,87,50,43,8,0.9,34,145,1
"638",2017-06-29,51,33,31,7,0.8,37,102,2
"639",2017-06-30,100,34,44,8,0.8,43,161,1
"640",2017-07-01,104,45,54,8,0.8,39,165,1
"641",2017-07-02,62,22,39,7,0.6,23,115,2
"642",2017-07-03,101,26,39,8,0.6,26,162,1
"643",2017-07-04,70,21,35,9,0.6,25,125,2
"644",2017-07-05,108,29,48,9,0.8,41,169,1
"645",2017-07-06,125,28,47,9,0.7,33,188,1
"646",2017-07-07,110,29,55,9,0.7,30,171,1
"647",2017-07-08,98,29,51,9,0.7,31,158,1
"648",2017-07-09,68,21,43,10,0.6,26,122,2
"649",2017-07-10,50,20,41,8,0.6,31,101,2
"650",2017-07-11,119,26,44,9,0.6,30,181,1
"651",2017-07-12,159,38,62,10,0.7,36,224,1
"652",2017-07-13,176,44,72,12,0.8,39,241,1
"653",2017-07-14,156,45,74,10,0.8,44,221,1
"654",2017-07-15,141,35,58,9,0.7,22,206,1
"655",2017-07-16,139,22,47,9,0.6,18,203,1
"656",2017-07-17,75,15,41,9,0.5,18,131,2
"657",2017-07-18,149,44,81,11,0.8,58,214,1
"658",2017-07-19,148,42,70,13,0.7,39,213,1
"659",2017-07-20,166,38,65,14,0.7,33,231,1
"660",2017-07-21,200,43,76,15,0.8,38,268,1
"661",2017-07-22,164,50,80,16,0.8,37,229,1
"662",2017-07-23,201,42,69,15,0.8,40,273,1
"663",2017-07-24,205,45,76,16,0.9,42,295,1
"664",2017-07-25,165,55,86,15,0.9,35,230,1
"665",2017-07-26,122,56,62,8,0.9,23,185,1
"666",2017-07-27,98,46,61,11,0.8,23,158,1
"667",2017-07-28,48,18,32,8,0.6,17,96,2
"668",2017-07-29,35,19,31,8,0.6,14,71,2
"669",2017-07-30,33,17,32,7,0.6,12,62,2
"670",2017-07-31,40,17,39,6,0.6,10,81,2
"671",2017-08-01,47,20,46,6,0.6,12,92,2
"672",2017-08-02,54,20,40,7,0.6,13,105,2
"673",2017-08-03,140,27,47,8,0.7,17,204,1
"674",2017-08-04,146,41,60,8,0.8,33,211,1
"675",2017-08-05,83,65,74,7,1.2,66,109,4
"676",2017-08-06,172,84,80,10,1.3,48,237,1
"677",2017-08-07,193,79,95,10,1.1,39,258,1
"678",2017-08-08,58,35,47,9,1,46,103,4
"679",2017-08-09,47,18,26,7,0.8,38,86,2
"680",2017-08-10,173,42,56,10,1,38,238,1
"681",2017-08-11,189,64,83,10,1,51,254,1
"682",2017-08-12,94,44,53,8,0.7,28,153,1
"683",2017-08-13,75,32,45,8,0.7,30,131,2
"684",2017-08-14,70,17,31,8,0.8,36,124,2
"685",2017-08-15,138,57,70,9,1.1,40,202,1
"686",2017-08-16,95,33,41,9,0.8,38,154,1
"687",2017-08-17,115,26,43,10,0.8,49,177,1
"688",2017-08-18,143,22,37,8,0.7,35,208,1
"689",2017-08-19,143,35,55,9,0.7,29,208,1
"690",2017-08-20,46,15,28,6,0.7,37,80,2
"691",2017-08-21,73,30,42,9,0.8,40,128,2
"692",2017-08-22,25,10,25,6,0.6,17,50,2
"693",2017-08-23,35,9,29,6,0.5,15,71,2
"694",2017-08-24,120,22,42,8,0.7,27,183,1
"695",2017-08-25,95,30,47,9,0.9,44,154,1
"696",2017-08-26,70,14,29,8,0.7,20,124,2
"697",2017-08-27,60,13,31,9,0.6,21,112,2
"698",2017-08-28,127,19,41,9,0.6,28,190,1
"699",2017-08-29,52,18,37,10,0.6,25,103,2
"700",2017-08-30,48,9,32,8,0.5,20,97,2
"701",2017-08-31,76,16,35,8,0.6,20,132,2
"702",2017-09-01,85,20,42,8,0.7,20,143,2
"703",2017-09-02,82,20,41,9,0.7,20,139,2
"704",2017-09-03,59,12,31,10,0.6,20,111,2
"705",2017-09-04,55,10,32,8,0.6,20,106,2
"706",2017-09-05,104,24,56,10,0.7,34,165,1
"707",2017-09-06,78,58,76,13,1.1,48,110,4
"708",2017-09-07,48,22,25,7,0.8,40,76,2
"709",2017-09-08,68,17,28,8,0.7,32,122,2
"710",2017-09-09,57,27,38,9,0.8,27,109,2
"711",2017-09-10,80,28,43,9,0.7,27,137,2
"712",2017-09-11,48,25,30,7,1,39,75,2
"713",2017-09-12,83,24,40,8,0.8,25,140,2
"714",2017-09-13,88,33,48,8,0.8,20,146,1
"715",2017-09-14,86,16,42,8,0.6,16,144,2
"716",2017-09-15,44,15,37,6,0.6,18,89,2
"717",2017-09-16,70,15,38,8,0.6,17,125,2
"718",2017-09-17,76,19,44,9,0.7,32,132,2
"719",2017-09-18,168,56,91,13,1,55,233,1
"720",2017-09-19,141,69,88,11,1,49,206,1
"721",2017-09-20,53,25,25,7,0.7,36,104,2
"722",2017-09-21,50,16,24,8,0.7,40,100,2
"723",2017-09-22,83,26,48,11,0.8,67,65,4
"724",2017-09-23,62,28,34,10,0.7,49,98,2
"725",2017-09-24,46,12,12,7,0.7,36,78,2
"726",2017-09-25,56,11,13,7,0.8,45,46,2
"727",2017-09-26,95,55,69,10,1.2,59,154,4
"728",2017-09-27,67,48,49,9,1,35,108,4
"729",2017-09-28,60,16,45,10,0.7,50,81,2
"730",2017-09-29,68,18,45,10,0.7,55,122,2
"731",2017-09-30,48,14,27,8,0.6,38,85,2
"732",2017-10-01,70,23,46,8,0.7,28,124,2
"733",2017-10-02,43,26,37,8,0.9,34,77,2
"734",2017-10-03,50,11,50,7,0.6,17,92,2
"735",2017-10-04,48,9,34,7,0.5,17,96,2
"736",2017-10-05,42,16,33,8,0.6,34,83,2
"737",2017-10-06,71,54,66,16,1.3,52,104,4
"738",2017-10-07,86,47,54,11,0.9,46,144,1
"739",2017-10-08,58,22,28,10,0.7,34,110,2
"740",2017-10-09,43,23,37,9,0.7,35,72,2
"741",2017-10-10,42,18,40,7,0.6,26,84,2
"742",2017-10-11,36,15,21,6,0.8,26,73,2
"743",2017-10-12,45,13,29,7,0.6,28,91,2
"744",2017-10-13,45,9,30,7,0.5,22,91,2
"745",2017-10-14,60,13,37,8,0.6,20,113,2
"746",2017-10-15,50,7,13,7,0.6,16,101,2
"747",2017-10-16,43,8,15,7,0.6,17,87,2
"748",2017-10-17,47,16,40,8,0.6,28,94,2
"749",2017-10-18,46,22,45,9,0.7,33,91,2
"750",2017-10-19,46,25,40,11,0.8,37,81,2
"751",2017-10-20,59,18,34,9,0.6,30,111,2
"752",2017-10-21,88,30,48,10,0.9,27,146,1
"753",2017-10-22,80,62,78,10,1.1,29,130,4
"754",2017-10-23,58,31,65,12,0.8,41,83,4
"755",2017-10-24,56,22,50,11,0.7,42,108,2
"756",2017-10-25,70,26,46,9,0.8,57,123,4
"757",2017-10-26,72,27,40,12,0.7,58,104,4
"758",2017-10-27,71,30,43,11,0.7,57,126,4
"759",2017-10-28,83,32,51,10,0.8,32,140,1
"760",2017-10-29,68,49,76,9,0.9,30,99,4
"761",2017-10-30,43,16,43,9,0.7,29,81,2
"762",2017-10-31,71,19,44,9,0.7,57,87,2
"763",2017-11-01,70,25,51,11,0.8,57,109,4
"764",2017-11-02,98,49,75,13,0.9,80,113,4
"765",2017-11-03,125,92,120,19,1.3,75,141,3
"766",2017-11-04,40,11,33,8,0.6,20,81,2
"767",2017-11-05,56,16,38,9,0.6,47,77,2
"768",2017-11-06,82,34,62,11,0.8,67,83,4
"769",2017-11-07,127,98,133,17,1.5,118,39,3
"770",2017-11-08,130,98,141,23,1.5,74,134,3
"771",2017-11-09,66,16,44,10,0.6,53,81,2
"772",2017-11-10,76,43,80,13,0.9,59,62,4
"773",2017-11-11,49,16,49,10,0.6,35,84,2
"774",2017-11-12,58,17,55,11,0.6,49,77,2
"775",2017-11-13,70,27,52,10,0.7,57,70,4
"776",2017-11-14,80,44,53,11,0.8,65,63,4
"777",2017-11-15,75,30,69,12,0.8,62,92,4
"778",2017-11-16,58,23,30,9,0.7,46,71,2
"779",2017-11-17,42,10,14,8,0.7,32,84,2
"780",2017-11-18,40,15,36,7,0.6,19,81,2
"781",2017-11-19,44,26,43,10,0.7,33,72,2
"782",2017-11-20,48,18,27,9,0.7,40,76,2
"783",2017-11-21,95,49,54,11,1,75,32,4
"784",2017-11-22,88,65,66,13,1,53,86,4
"785",2017-11-23,85,38,96,16,0.9,71,70,4
"786",2017-11-24,113,68,119,23,1.3,107,49,3
"787",2017-11-25,104,56,88,18,0.9,87,83,4
"788",2017-11-26,92,68,101,19,1.1,73,75,3
"789",2017-11-27,62,32,67,13,0.7,49,105,4
"790",2017-11-28,103,60,81,13,1,88,70,4
"791",2017-11-29,111,82,104,11,1.1,52,68,4
"792",2017-11-30,38,18,47,8,0.5,29,77,2
"793",2017-12-01,56,36,72,12,0.6,33,101.551442569407,2
"794",2017-12-02,69,30,50,12,0.9,73,101.551442569407,4
"795",2017-12-03,105,44,59,16,1.2,80,101.551442569407,4
"796",2017-12-04,160,84,87,13,1.2,50,101.551442569407,3
"797",2017-12-05,82,37,60,18,1,56,101.551442569407,4
"798",2017-12-06,109,55,79,19,1.5,93,101.551442569407,3
"799",2017-12-07,121,92,107,20,1.5,105,101.551442569407,3
"800",2017-12-08,89,30,51,14,1,51,101.551442569407,4
"801",2017-12-09,101,49,73,20,1.2,83,101.551442569407,4
"802",2017-12-10,103,76,113,23,1,84,101.551442569407,3
"803",2017-12-11,109,72,96,19,1.4,92,101.551442569407,3
"804",2017-12-12,103,20,36,10,1,44,101.551442569407,4
"805",2017-12-13,48,20,37,10,0.6,38,84,2
"806",2017-12-14,49,20,34,8,0.6,39,62,2
"807",2017-12-15,58,20,28,8,0.7,46,53,2
"808",2017-12-16,82,60,66,11,1,42,62,4
"809",2017-12-17,75,45,69,17,1,61,62,4
"810",2017-12-18,104,49,79,20,1.2,87,50,4
"811",2017-12-19,85,43,72,18,1.2,67,67,4
"812",2017-12-20,102,49,85,19,1,90,44,4
"813",2017-12-21,108,74,102,20,1.4,95,47,3
"814",2017-12-22,107,69,87,17,1.2,95,70,3
"815",2017-12-23,78,54,53,13,0.9,63,80,4
"816",2017-12-24,166,126,165,27,1.5,89,75,3
"817",2017-12-25,83,48,104,16,1,66,76,4
"818",2017-12-26,100,39,67,16,0.9,80,62,4
"819",2017-12-27,79,37,64,13,0.9,63,86,4
"820",2017-12-28,70,19,27,9,0.7,56,61,2
"821",2017-12-29,84,33,42,12,0.7,67,57,4
"822",2017-12-30,98,73,75,12,1,66,50,4
"823",2017-12-31,225,175,194,16,1.9,72,71,3
"824",2018-01-01,123,93,95,13,1.1,63,72,3
"825",2018-01-02,54,27,38,10,0.7,43,62,2
"826",2018-01-03,38,21,31,7,0.6,26,76,2
"827",2018-01-04,34,8,8,6,0.5,27,56,2
"828",2018-01-05,48,26,30,8,0.8,38,54,2
"829",2018-01-06,79,58,60,11,1,54,49,4
"830",2018-01-07,60,21,17,8,1,48,44,2
"831",2018-01-08,124,94,87,12,1.3,47,65,3
"832",2018-01-09,57,28,56,13,0.8,45,62,4
"833",2018-01-10,67,34,73,16,0.8,53,55,4
"834",2018-01-11,70,45,74,21,0.9,56,54,4
"835",2018-01-12,68,33,55,18,0.9,54,43,4
"836",2018-01-13,102,52,71,19,1.1,83,33,4
"837",2018-01-14,77,31,43,13,0.7,61,60,4
"838",2018-01-15,90,37,45,15,0.9,72,47,4
"839",2018-01-16,94,70,69,11,0.9,70,25,4
"840",2018-01-17,133,101,88,11,1.2,62,39,3
"841",2018-01-18,104,78,66,10,0.8,56,64,4
"842",2018-01-19,160,122,127,14,1.1,74,55,3
"843",2018-01-20,112,84,99,14,1,71,57,4
"844",2018-01-21,68,37,47,12,0.7,54,75,4
"845",2018-01-22,80,49,55,10,0.9,64,57,4
"846",2018-01-23,110,83,82,9,0.9,36,61,4
"847",2018-01-24,36,20,31,8,0.5,23,72,2
"848",2018-01-25,39,11,12,6,0.5,31,58,2
"849",2018-01-26,32,14,22,7,0.4,22,64,2
"850",2018-01-27,48,16,22,7,0.5,38,51,2
"851",2018-01-28,39,22,23,7,0.5,31,57,2
"852",2018-01-29,128,97,97,20,1.1,48,72,3
"853",2018-01-30,241,191,185,28,1.8,97,78,3
"854",2018-01-31,224,174,168,25,1.7,108,59,3
"855",2018-02-01,163,124,119,24,1.5,87,75,3
"856",2018-02-02,135,103,111,24,1.2,83,81,3
"857",2018-02-03,43,30,39,10,0.6,29,68,2
"858",2018-02-04,52,36,48,15,0.7,39,71,2
"859",2018-02-05,87,57,78,20,0.9,69,67,4
"860",2018-02-06,59,30,42,13,0.7,47,64,2
"861",2018-02-07,77,25,41,12,0.6,61,69,4
"862",2018-02-08,112,84,94,17,1.1,61,60,3
"863",2018-02-09,83,61,61,13,0.9,64,69,4
"864",2018-02-10,88,65,89,12,0.9,46,68,4
"865",2018-02-11,95,43,140,14,0.8,44,81,4
"866",2018-02-12,87,33,124,15,0.7,37,77,4
"867",2018-02-13,60,32,61,13,0.7,48,105,4
"868",2018-02-14,69,38,74,13,0.8,55,105,4
"869",2018-02-15,52,33,53,10,0.6,29,81,2
"870",2018-02-16,36,19,27,8,0.5,27,72,2
"871",2018-02-17,60,36,47,11,0.6,28,111,2
"872",2018-02-18,41,15,29,9,0.4,25,82,2
"873",2018-02-19,46,22,24,8,0.5,24,91,2
"874",2018-02-20,59,42,48,9,0.6,23,89,2
"875",2018-02-21,49,34,46,9,0.6,24,89,2
"876",2018-02-22,65,47,57,11,0.8,39,78,4
"877",2018-02-23,68,49,46,10,0.7,34,101,2
"878",2018-02-24,52,36,36,10,0.6,34,90,2
"879",2018-02-25,46,32,40,9,0.6,29,90,2
"880",2018-02-26,54,38,44,11,0.6,43,92,2
"881",2018-02-27,67,37,44,11,0.5,28,120,2
"882",2018-02-28,49,32,31,8,0.6,39,73,2
"883",2018-03-01,89,66,67,11,0.8,44,101,4
"884",2018-03-02,41,20,36,8,0.4,28,82,2
"885",2018-03-03,47,28,25,8,0.6,37,71,2
"886",2018-03-04,57,30,29,10,0.6,30,108,2
"887",2018-03-05,44,17,35,8,0.4,22,87,2
"888",2018-03-06,47,18,38,7,0.4,21,94,2
"889",2018-03-07,43,20,27,8,0.4,34,72,2
"890",2018-03-08,64,46,58,8,0.6,27,84,2
"891",2018-03-09,55,38,49,11,0.6,44,74,2
"892",2018-03-10,88,65,67,13,0.7,55,135,4
"893",2018-03-11,82,60,56,11,0.6,53,122,4
"894",2018-03-12,58,23,37,14,0.5,41,109,2
"895",2018-03-13,57,22,37,14,0.5,38,108,2
"896",2018-03-14,38,18,33,14,0.5,29,76,2
"897",2018-03-15,77,40,43,12,0.7,61,42,4
"898",2018-03-16,44,22,43,8,0.4,23,87,2
"899",2018-03-17,46,17,37,7,0.4,25,92,2
"900",2018-03-18,64,27,47,10,0.6,51,77,2
"901",2018-03-19,43,27,30,8,0.5,34,72,2
"902",2018-03-20,64,46,38,9,0.8,48,60,4
"903",2018-03-21,60,29,29,8,0.7,48,48,2
"904",2018-03-22,104,78,78,14,0.9,67,92,4
"905",2018-03-23,117,88,87,14,0.8,61,127,4
"906",2018-03-24,79,58,77,15,0.7,62,116,4
"907",2018-03-25,92,68,79,14,0.6,47,142,1
"908",2018-03-26,80,59,65,16,0.6,50,119,4
"909",2018-03-27,78,57,57,14,0.6,48,124,4
"910",2018-03-28,82,43,55,12,0.6,47,138,1
"911",2018-03-29,54,24,44,9,0.5,43,80,2
"912",2018-03-30,53,24,33,8,0.5,42,47,2
"913",2018-03-31,63,30,51,9,0.5,34,115,2
"914",2018-04-01,83,39,89,14,0.5,35,139,1
"915",2018-04-02,78,42,106,15,0.6,55,63,4
"916",2018-04-03,66,30,81,13,0.5,30,102,2
"917",2018-04-04,47,29,47,8,0.5,31,76,2
"918",2018-04-05,42,25,29,7,0.5,33,69,2
"919",2018-04-06,76.3761567773544,38.1921611322809,53.1469787697333,10,0.8,32,92,2
"920",2018-04-07,63,23,76,11,0.5,35,100,2
"921",2018-04-08,75,33,86,13,0.6,53,130,4
"922",2018-04-09,80,37,89,14,0.6,56,135,4
"923",2018-04-10,83,25,59,12,0.6,39,139,1
"924",2018-04-11,98,52,145,17,0.8,63,135,4
"925",2018-04-12,58,24,66,13,0.5,40,87,2
"926",2018-04-13,48,19,47,10,0.5,35,96,2
"927",2018-04-14,53,31,32,7,0.6,42,69,2
"928",2018-04-15,83,53,102,12,0.7,43,139,1
"929",2018-04-16,101,21,152,11,0.5,51,80,4
"930",2018-04-17,69,33,64,13,0.5,55,105,4
"931",2018-04-18,97,41,68,12,0.5,48,156,1
"932",2018-04-19,92,35,70,11,0.5,44,150,1
"933",2018-04-20,63,24,64,9,0.4,25,115,2
"934",2018-04-21,56,26,62,11,0.5,25,98,2
"935",2018-04-22,68,28,51,12,0.6,36,121,2
"936",2018-04-23,52,36,37,9,0.6,39,78,2
"937",2018-04-24,48,22,28,7,0.5,31,96,2
"938",2018-04-25,84,47,54,12,0.7,52,140,4
"939",2018-04-26,74,28,43,14,0.5,59,87,4
"940",2018-04-27,146,75,90,17,0.8,60,210,1
"941",2018-04-28,132,100,117,16,0.8,59,194,1
"942",2018-04-29,160,79,81,15,0.7,43,225,1
"943",2018-04-30,143,74,77,13,0.9,49,207,1
"944",2018-05-01,76,45,48,10,0.8,53,131,4
"945",2018-05-02,73,53,52,8,0.8,38,127,4
"946",2018-05-03,105,31,49,10,0.5,43,165,1
"947",2018-05-04,125,40,64,14,0.5,44,187,1
"948",2018-05-05,63,24,39,9,0.4,35,115,2
"949",2018-05-06,58,41,51,11,0.6,40,106,2
"950",2018-05-07,43,29,33,8,0.6,31,85,2
"951",2018-05-08,70,32,48,10,0.6,38,123,2
"952",2018-05-09,73,30,54,9,0.5,33,127,2
"953",2018-05-10,81,21,44,7,0.4,24,137,2
"954",2018-05-11,80,20,48,9,0.4,25,135,2
"955",2018-05-12,94,70,87,14,0.8,65,137,4
"956",2018-05-13,95,71,52,10,0.9,41,137,1
"957",2018-05-14,110,52,52,10,0.7,30,170,1
"958",2018-05-15,116,47,60,14,0.6,28,177,1
"959",2018-05-16,130,39,60,15,0.6,33,193,1
"960",2018-05-17,107,35,57,13,0.6,41,167,1
"961",2018-05-18,90,46,52,10,0.7,43,147,1
"962",2018-05-19,44,27,23,6,0.5,27,88,2
"963",2018-05-20,43,12,26,6,0.4,21,86,2
"964",2018-05-21,39,19,34,7,0.4,26,77,2
"965",2018-05-22,38,23,37,7,0.6,28,76,2
"966",2018-05-23,88,32,106,11,0.6,32,145,1
"967",2018-05-24,81,31,111,10,0.4,35,119,1
"968",2018-05-25,45,23,43,7,0.5,36,89,2
"969",2018-05-26,43,29,29,9,0.6,30,85,2
"970",2018-05-27,49,34,41,9,0.5,38,76,2
"971",2018-05-28,98,73,73,13,0.8,43,153,1
"972",2018-05-29,132,100,88,17,0.8,62,113,3
"973",2018-05-30,107,80,62,13,0.8,53,71,4
"974",2018-05-31,79,48,47,10,0.6,54,134,4
"975",2018-06-01,89,37,39,11,0.5,39,146,1
"976",2018-06-02,89,32,38,11,0.5,30,146,2
"977",2018-06-03,73,33,37,9,0.5,24,127,2
"978",2018-06-04,73,35,47,10,0.5,35,127,2
"979",2018-06-05,121,79,71,11,0.8,58,183,1
"980",2018-06-06,134,51,45,11,0.6,28,197,1
"981",2018-06-07,76,26,31,8,0.5,23,131,2
"982",2018-06-08,53,23,29,10,0.5,30,103,2
"983",2018-06-09,50,23,31,8,0.4,23,99,2
"984",2018-06-10,67,40,47,9,0.6,34,120,2
"985",2018-06-11,146,57,60,10,0.8,39,210,1
"986",2018-06-12,184,61,67,14,0.8,40,249,1
"987",2018-06-13,150,47,61,14,0.7,29,215,1
"988",2018-06-14,76,28,34,8,0.5,19,131,2
"989",2018-06-15,72,18,28,9,0.4,21,126,2
"990",2018-06-16,51,22,39,8,0.4,16,101,2
"991",2018-06-17,59,22,39,8,0.4,16,110,2
"992",2018-06-18,62,19,31,7,0.4,14,114,2
"993",2018-06-19,40,23,25,8,0.5,25,79,2
"994",2018-06-20,45,13,14,7,0.4,27,90,2
"995",2018-06-21,58,19,23,8,0.4,26,109,2
"996",2018-06-22,42,23,27,7,0.4,26,84,2
"997",2018-06-23,67,12,17,7,0.4,22,120,2
"998",2018-06-24,54,19,23,6,0.4,20,104,2
"999",2018-06-25,111,36,39,9,0.6,28,172,1
"1000",2018-06-26,121,39,53,12,0.6,33,183,1
"1001",2018-06-27,81,31,47,10,0.6,34,137,2
"1002",2018-06-28,60,29,44,10,0.6,41,112,2
"1003",2018-06-29,65,30,31,9,0.7,36,118,2
"1004",2018-06-30,38,18,24,9,0.5,30,59,2
"1005",2018-07-01,32,14,21,8,0.5,25,61,2
"1006",2018-07-02,27,14,27,7,0.4,18,50,2
"1007",2018-07-03,35,16,28,9,0.4,28,48,2
"1008",2018-07-04,67,36,40,11,0.5,34,120,2
"1009",2018-07-05,39,25,25,7,0.5,31,49,2
"1010",2018-07-06,34,14,20,8,0.5,27,55,2
"1011",2018-07-07,28,13,23,7,0.4,20,55,2
"1012",2018-07-08,79,25,42,8,0.4,22,134,2
"1013",2018-07-09,50,14,29,8,0.4,18,99,2
"1014",2018-07-10,27,10,27,7,0.3,13,49,2
"1015",2018-07-11,36,12,36,6,0.4,12,34,2
"1016",2018-07-12,34,9,27,5,0.4,12,67,2
"1017",2018-07-13,40,9,25,6,0.4,14,79,2
"1018",2018-07-14,46,9,25,7,0.4,15,92,2
"1019",2018-07-15,44,9,24,7,0.4,14,87,2
"1020",2018-07-16,37,8,21,6,0.3,13,73,2
"1021",2018-07-17,28,8,22,6,0.4,15,55,2
"1022",2018-07-18,33,8,22,6,0.3,13,65,2
"1023",2018-07-19,30,8,20,6,0.3,13,59,2
"1024",2018-07-20,38,23,38,9,0.3,16,70,2
"1025",2018-07-21,34,20,34,8,0.4,13,51,2
"1026",2018-07-22,20,9,15,5,0.3,10,39,2
"1027",2018-07-23,31,12,26,6,0.4,14,61,2
"1028",2018-07-24,108,26,39,7,0.5,25,168,1
"1029",2018-07-25,122,36,55,8,0.5,26,184,1
"1030",2018-07-26,65,35,53,8,0.7,52,114,4
"1031",2018-07-27,166,41,59,10,0.7,47,231,1
"1032",2018-07-28,124,41,52,11,0.6,29,186,1
"1033",2018-07-29,84,41,51,11,0.6,29,140,1
"1034",2018-07-30,75,32,45,7,0.6,28,130,2
"1035",2018-07-31,45,19,32,9,0.5,26,90,2
"1036",2018-08-01,55,15,25,7,0.4,19,106,2
"1037",2018-08-02,43,18,30,7,0.4,15,85,2
"1038",2018-08-03,35,11,19,4,0.5,17,69,2
"1039",2018-08-04,68,19,34,5,0.5,16,121,2
"1040",2018-08-05,79,18,32,6,0.5,17,134,2
"1041",2018-08-06,80,19,33,6,0.5,20,135,2
"1042",2018-08-07,48,15,25,6,0.4,20,95,2
"1043",2018-08-08,57,20,30,6,0.4,20,108,2
"1044",2018-08-09,69,20,34,7,0.5,21,122,2
"1045",2018-08-10,85,27,40,7,0.5,27,142,2
"1046",2018-08-11,70,22,33,6,0.6,22,123,2
"1047",2018-08-12,30,13,22,5,0.5,19,60,2
"1048",2018-08-13,34,9,24,4,0.4,11,68,2
"1049",2018-08-14,27,9,27,5,0.4,14,34,2
"1050",2018-08-15,28,13,27,7,0.4,16,55,2
"1051",2018-08-16,27,8,18,5,0.4,13,53,2
"1052",2018-08-17,35,8,19,4,0.4,12,70,2
"1053",2018-08-18,29,8,19,5,0.4,13,58,2
"1054",2018-08-19,30,7,21,4,0.4,12,60,2
"1055",2018-08-20,47,10,25,5,0.4,15,94,2
"1056",2018-08-21,44,16,23,6,0.5,35,59,2
"1057",2018-08-22,44,14,26,6,0.5,20,88,2
"1058",2018-08-23,90,23,48,7,0.6,23,148,2
"1059",2018-08-24,125,29,57,12,0.9,34,187,1
"1060",2018-08-25,43,17,26,5,0.5,23,85,2
"1061",2018-08-26,31,13,21,4,0.5,24,61,2
"1062",2018-08-27,36,9,24,4,0.4,16,71,2
"1063",2018-08-28,37,8,22,4,0.4,14,74,2
"1064",2018-08-29,38,9,24,5,0.4,15,75,2
"1065",2018-08-30,48,11,28,5,0.4,16,95,2
"1066",2018-08-31,100,16,35,6,0.5,22,159,2
"1067",2018-09-01,61,33,42,6,0.7,40,113,2
"1068",2018-09-02,81,37,39,6,0.7,36,137,2
"1069",2018-09-03,88,42,44,6,0.8,33,145,1
"1070",2018-09-04,116,42,61,10,1,42,177,1
"1071",2018-09-05,146,36,62,11,0.8,37,210,1
"1072",2018-09-06,140,53,77,10,0.8,30,204,1
"1073",2018-09-07,90,67,61,9,1.2,62,65,4
"1074",2018-09-08,49,15,30,6,0.5,31,98,2
"1075",2018-09-09,61,14,30,6,0.5,29,113,2
"1076",2018-09-10,59,13,28,6,0.5,27,110,2
"1077",2018-09-11,43,11,35,6,0.5,30,86,2
"1078",2018-09-12,38,12,26,6,0.5,30,72,2
"1079",2018-09-13,42,13,27,6,0.6,33,61,2
"1080",2018-09-14,53,12,26,7,0.5,42,76,2
"1081",2018-09-15,48,15,26,8,0.5,27,96,2
"1082",2018-09-16,26,11,25,6,0.5,18,51,2
"1083",2018-09-17,44,8,18,6,0.6,35,33,2
"1084",2018-09-18,47,15,27,8,0.6,37,57,2
"1085",2018-09-19,93,28,42,7,0.7,44,151,1
"1086",2018-09-20,73,29,38,6,0.8,58,61,4
"1087",2018-09-21,58,30,31,6,0.9,46,75,2
"1088",2018-09-22,60,22,33,7,0.7,48,93,2
"1089",2018-09-23,105,49,69,10,0.9,42,165,1
"1090",2018-09-24,100,26,48,8,0.6,20,160,1
"1091",2018-09-25,53,10,28,6,0.4,20,103,2
"1092",2018-09-26,59,10,30,6,0.4,21,110,2
"1093",2018-09-27,53,10,28,6,0.4,23,103,2
"1094",2018-09-28,54,11,29,6,0.5,31,104,2
"1095",2018-09-29,53,11,30,6,0.4,21,103,2
"1096",2018-09-30,130,36,67,10,0.7,32,193,1
"1097",2018-10-01,65,18,53,11,0.6,31,118,2
"1098",2018-10-02,81,23,48,9,0.6,41,137,2
"1099",2018-10-03,79,22,38,7,0.5,37,134,2
"1100",2018-10-04,77,17,35,7,0.4,19,132,2
"1101",2018-10-05,59,16,31,6,0.5,16,110,2
"1102",2018-10-06,69,24,47,8,0.6,29,122,2
"1103",2018-10-07,124,29,61,8,0.6,34,186,1
"1104",2018-10-08,58,16,45,7,0.5,28,109,2
"1105",2018-10-09,72,26,54,7,0.6,57,81,2
"1106",2018-10-10,43,23,43,7,0.6,26,80,2
"1107",2018-10-11,49,16,37,7,0.4,30,97,2
"1108",2018-10-12,53,17,35,7,0.5,42,98,2
"1109",2018-10-13,63,18,32,6,0.4,43,115,2
"1110",2018-10-14,45,13,25,6,0.4,32,89,2
"1111",2018-10-15,56,12,26,7,0.4,32,107,2
"1112",2018-10-16,53,22,29,6,0.5,36,103,2
"1113",2018-10-17,85,42,57,7,0.7,60,142,4
"1114",2018-10-18,48,19,32,6,0.4,30,96,2
"1115",2018-10-19,59,16,37,7,0.5,47,98,2
"1116",2018-10-20,53,12,29,6,0.4,42,90,2
"1117",2018-10-21,52,15,28,7,0.4,41,99,2
"1118",2018-10-22,62,15,17,5,0.5,49,70,2
"1119",2018-10-23,78,57,56,9,0.8,45,114,4
"1120",2018-10-24,82,60,77,9,0.8,60,137,4
"1121",2018-10-25,66,25,58,9,0.5,35,119,2
"1122",2018-10-26,75,55,76,10,0.7,43,123,4
"1123",2018-10-27,72,31,87,13,0.6,57,76,4
"1124",2018-10-28,92,39,78,15,0.7,73,110,4
"1125",2018-10-29,95,53,92,18,0.8,76,107,4
"1126",2018-10-30,55,19,40,8,0.5,41,106,2
"1127",2018-10-31,57,18,33,8,0.5,28,108,2
"1128",2018-11-01,44,11,21,6,0.4,28,87,2
"1129",2018-11-02,54,14,28,6,0.4,43,83,2
"1130",2018-11-03,52,16,28,6,0.5,41,95,2
"1131",2018-11-04,54,22,27,7,0.6,43,104,2
"1132",2018-11-05,47,25,27,7,0.4,30,94,2
"1133",2018-11-06,52,20,26,6,0.5,32,102,2
"1134",2018-11-07,63,35,20,6,0.7,50,48,2
"1135",2018-11-08,45,18,16,5,0.8,36,32,2
"1136",2018-11-09,73,53,46,9,0.8,53,74,4
"1137",2018-11-10,58,41,34,6,0.6,45,99,2
"1138",2018-11-11,69,50,48,7,0.7,50,61,4
"1139",2018-11-12,43,16,22,5,0.5,29,86,2
"1140",2018-11-13,57,24,40,6,0.5,45,90,2
"1141",2018-11-14,70,32,51,6,0.6,56,97,2
"1142",2018-11-15,88,23,37,6,0.6,70,48,4
"1143",2018-11-16,43,21,21,5,0.5,34,77,2
"1144",2018-11-17,42,15,31,5,0.4,25,83,2
"1145",2018-11-18,43,15,16,5,0.5,34,60,2
"1146",2018-11-19,102,76,70,10,1,61,55,4
"1147",2018-11-20,80,52,57,9,0.9,64,84,4
"1148",2018-11-21,50,11,13,5,0.4,40,77,2
"1149",2018-11-22,50,32,48,7,0.6,40,84,2
"1150",2018-11-23,84,39,55,7,0.6,67,84,4
"1151",2018-11-24,79,50,64,8,0.7,63,72,4
"1152",2018-11-25,108,81,73,8,0.9,79,115,4
"1153",2018-11-26,103,54,56,7,0.8,85,83,4
"1154",2018-11-27,103,77,76,8,1.1,82,81,4
"1155",2018-11-28,163,124,110,10,1.4,98,69,3
"1156",2018-11-29,139,106,107,9,1.3,102,117,3
"1157",2018-11-30,88,58,108,7,0.7,70,95,4
"1158",2018-12-01,74,29,66,7,0.5,59,75,4
"1159",2018-12-02,58,28,38,6,0.5,46,51,2
"1160",2018-12-03,78,53,42,6,0.8,62,20,4
"1161",2018-12-04,44,23,26,5,0.6,35,54,2
"1162",2018-12-05,54,14,57,5,0.4,30,63,2
"1163",2018-12-06,37,12,24,5,0.4,29,62,2
"1164",2018-12-07,37,20,30,6,0.5,29,55,2
"1165",2018-12-08,44,25,40,7,0.6,35,47,2
"1166",2018-12-09,57,28,34,6,0.6,45,35,2
"1167",2018-12-10,37,7,14,5,0.4,29,59,2
"1168",2018-12-11,44,16,19,5,0.5,35,60,2
"1169",2018-12-12,95,71,71,11,1.1,50,57,4
"1170",2018-12-13,94,70,78,14,1,71,48,4
"1171",2018-12-14,73,51,67,10,0.8,58,61,4
"1172",2018-12-15,68,13,25,6,0.4,54,44,2
"1173",2018-12-16,94,70,75,9,1,67,51,4
"1174",2018-12-17,135,103,127,13,1.2,88,60,3
"1175",2018-12-18,117,88,131,15,1.4,106,52,3
"1176",2018-12-19,112,54,102,19,1,104,31,3
"1177",2018-12-20,84,26,38,8,0.6,67,60,4
"1178",2018-12-21,95,45,57,7,0.8,76,19,4
"1179",2018-12-22,60,35,26,6,0.7,48,54,2
"1180",2018-12-23,60,43,56,7,0.8,35,87,2
"1181",2018-12-24,52,26,53,7,0.6,39,79,2
"1182",2018-12-25,62,16,34,7,0.4,49,47,2
"1183",2018-12-26,36,12,15,5,0.5,28,72,2
"1184",2018-12-27,36,16,36,6,0.4,21,67,2
"1185",2018-12-28,46,26,46,7,0.5,27,60,2
"1186",2018-12-29,49,31,49,9,0.7,38,54,2
"1187",2018-12-30,52,28,40,8,0.6,41,44,2
"1188",2018-12-31,47,27,29,6,0.5,37,54,2
"1189",2019-01-01,40,28,35,7,0.5,29,68,2
"1190",2019-01-02,87,64,72,13,0.9,45,68,4
"1191",2019-01-03,73,47,53,9,0.7,58,55,4
"1192",2019-01-04,75,18,22,6,0.6,60,47,2
"1193",2019-01-05,64,32,33,6,0.7,51,42,2
"1194",2019-01-06,55,25,33,6,0.5,44,57,2
"1195",2019-01-07,63,27,34,6,0.6,50,48,2
"1196",2019-01-08,75,55,64,9,0.9,42,79,4
"1197",2019-01-09,55,22,28,6,0.6,44,51,2
"1198",2019-01-10,59,16,20,5,0.5,47,38,2
"1199",2019-01-11,70,15,19,6,0.6,56,31,2
"1200",2019-01-12,65,42,54,8,1.2,52,16,4
"1201",2019-01-13,104,78,94,8,1.2,58,41,4
"1202",2019-01-14,94,70,72,8,1,66,77,4
"1203",2019-01-15,135,103,100,9,1.2,50,92,3
"1204",2019-01-16,55,30,59,8,0.6,44,55,2
"1205",2019-01-17,105,79,122,14,1.2,86,41,3
"1206",2019-01-18,109,82,102,11,1,74,83,4
"1207",2019-01-19,103,77,95,11,1.2,79,54,4
"1208",2019-01-20,128,97,60,11,1,51,75,4
"1209",2019-01-21,99,55,81,13,1,79,55,4
"1210",2019-01-22,110,83,105,15,1.2,88,63,3
"1211",2019-01-23,128,97,114,16,1.2,109,78,3
"1212",2019-01-24,127,96,100,14,1.2,90,89,3
"1213",2019-01-25,68,29,42,9,0.6,54,85,2
"1214",2019-01-26,34,14,34,6,0.5,24,66,2
"1215",2019-01-27,57,18,37,7,0.5,45,80,2
"1216",2019-01-28,82,55,53,10,0.9,65,46,4
"1217",2019-01-29,65,40,70,7,0.7,52,64,4
"1218",2019-01-30,78,24,54,7,0.6,62,41,4
"1219",2019-01-31,41,12,30,5,0.5,22,82,2
"1220",2019-02-01,82,60,68,6,0.8,32,67,4
"1221",2019-02-02,70,51,64,7,0.7,30,88,2
"1222",2019-02-03,93,69,58,9,1.3,38,42,4
"1223",2019-02-04,103,77,127,8,0.9,29,87,4
"1224",2019-02-05,61,19,72,7,0.4,26,80,2
"1225",2019-02-06,62,44,69,7,0.8,31,85,2
"1226",2019-02-07,48,24,48,5,0.6,15,78,2
"1227",2019-02-08,36,10,24,5,0.4,16,72,2
"1228",2019-02-09,38,11,21,5,0.4,14,75,2
"1229",2019-02-10,36,15,25,6,0.4,17,71,2
"1230",2019-02-11,39,27,30,7,0.6,25,70,2
"1231",2019-02-12,39,20,26,5,0.5,31,72,2
"1232",2019-02-13,44,23,38,5,0.6,22,88,2
"1233",2019-02-14,44,23,41,5,0.6,26,88,2
"1234",2019-02-15,42,15,18,5,0.5,33,68,2
"1235",2019-02-16,57,40,58,6,0.7,22,77,2
"1236",2019-02-17,44,27,38,7,0.6,22,88,2
"1237",2019-02-18,50,16,18,5,0.5,40,66,2
"1238",2019-02-19,67,31,37,6,0.9,53,32,4
"1239",2019-02-20,62,44,38,5,0.8,42,61,2
"1240",2019-02-21,77,56,57,5,0.8,36,83,4
"1241",2019-02-22,64,46,39,5,0.8,42,68,2
"1242",2019-02-23,160,122,121,9,1.2,65,85,3
"1243",2019-02-24,135,103,90,10,1.3,74,110,3
"1244",2019-02-25,102,76,72,7,1.2,79,82,4
"1245",2019-02-26,53,37,37,6,0.7,41,95,2
"1246",2019-02-27,60,26,40,6,0.6,48,69,2
"1247",2019-02-28,58,31,41,7,0.6,46,75,2
"1248",2019-03-01,119,90,79,8,0.9,62,113,4
"1249",2019-03-02,69,50,53,7,0.7,51,91,4
"1250",2019-03-03,100,75,83,9,0.9,65,75,4
"1251",2019-03-04,127,96,108,10,1,56,109,4
"1252",2019-03-05,108,81,81,7,0.8,54,96,4
"1253",2019-03-06,103,77,101,7,1,48,114,4
"1254",2019-03-07,92,68,53,6,0.8,31,115,4
"1255",2019-03-08,52,20,42,6,0.5,41,91,2
"1256",2019-03-09,100,32,35,6,0.8,80,42,4
"1257",2019-03-10,69,49,49,5,0.8,55,56,4
"1258",2019-03-11,95,71,117,9,0.9,71,113,4
"1259",2019-03-12,105,79,114,9,0.9,56,114,4
"1260",2019-03-13,60,20,70,6,0.5,39,91,2
"1261",2019-03-14,58,19,35,5,0.6,46,86,2
"1262",2019-03-15,68,47,74,9,0.7,54,106,4
"1263",2019-03-16,81,39,76,9,0.7,55,137,4
"1264",2019-03-17,107,80,100,13,0.9,65,156,1
"1265",2019-03-18,55,33,32,6,0.6,44,98,2
"1266",2019-03-19,64,35,37,6,0.6,51,115,2
"1267",2019-03-20,59,31,55,7,0.8,46,110,2
"1268",2019-03-21,74,54,50,6,0.9,37,93,4
"1269",2019-03-22,46,16,34,5,0.5,21,92,2
"1270",2019-03-23,52,28,43,8,0.7,37,102,2
"1271",2019-03-24,69,34,53,7,0.6,35,122,2
"1272",2019-03-25,80,58,63,6,0.8,64,91,4
"1273",2019-03-26,82,59,57,9,0.8,65,116,4
"1274",2019-03-27,84,47,56,8,0.8,67,91,4
"1275",2019-03-28,97,66,86,8,1,77,71,4
"1276",2019-03-29,63,45,59,6,0.7,50,103,4
"1277",2019-03-30,78,57,70,8,0.8,48,99,4
"1278",2019-03-31,54,15,50,6,0.5,26,104,2
"1279",2019-04-01,77,25,58,7,0.6,43,132,2
"1280",2019-04-02,71,30,64,7,0.7,48,125,2
"1281",2019-04-03,77,47,64,8,0.8,61,94,4
"1282",2019-04-04,54,38,46,5,0.6,37,98,2
"1283",2019-04-05,97,67,86,9,0.9,50,156,1
"1284",2019-04-06,90,57,58,9,0.8,45,147,1
"1285",2019-04-07,119,90,111,11,1,56,180,1
"1286",2019-04-08,98,73,82,9,0.9,53,138,4
"1287",2019-04-09,55,35,48,5,0.8,29,105,2
"1288",2019-04-10,43,19,25,5,0.6,30,86,2
"1289",2019-04-11,56,25,39,6,0.6,44,107,2
"1290",2019-04-12,84,53,57,8,0.8,62,140,4
"1291",2019-04-13,77,26,38,6,0.5,34,132,2
"1292",2019-04-14,67,48,59,7,0.8,45,117,4
"1293",2019-04-15,63,32,63,6,0.6,43,115,2
"1294",2019-04-16,57,19,49,6,0.5,36,108,2
"1295",2019-04-17,75,44,60,5,0.6,43,130,2
"1296",2019-04-18,115,46,72,7,0.7,43,176,1
"1297",2019-04-19,60,43,46,6,0.6,47,87,2
"1298",2019-04-20,45,19,33,5,0.5,29,89,2
"1299",2019-04-21,49,26,37,5,0.6,39,52,2
"1300",2019-04-22,54,19,19,4,0.6,43,43,2
"1301",2019-04-23,74,49,58,6,1,59,87,4
"1302",2019-04-24,123,93,63,8,1.2,77,58,4
"1303",2019-04-25,62,37,38,6,0.7,49,74,2
"1304",2019-04-26,44,24,38,5,0.6,35,82,2
"1305",2019-04-27,66,16,34,6,0.5,27,119,2
"1306",2019-04-28,58,31,33,5,0.6,46,80,2
"1307",2019-04-29,68,34,21,5,0.6,54,50,2
"1308",2019-04-30,54,24,27,5,0.6,43,74,2
"1309",2019-05-01,85,59,84,9,1,55,141,4
"1310",2019-05-02,74,33,97,8,0.7,59,122,4
"1311",2019-05-03,80,30,73,7,0.6,64,132,4
"1312",2019-05-04,92,36,67,8,0.6,53,150,1
"1313",2019-05-05,90,40,50,7,0.6,27,147,1
"1314",2019-05-06,59,22,42,6,0.4,22,110,2
"1315",2019-05-07,66,13,48,6,0.4,26,119,2
"1316",2019-05-08,70,17,45,6,0.4,29,124,2
"1317",2019-05-09,127,36,57,9,0.6,42,189,1
"1318",2019-05-10,103,37,51,8,0.5,35,163,1
"1319",2019-05-11,150,41,61,9,0.6,41,215,1
"1320",2019-05-12,112,35,51,7,0.6,33,173,1
"1321",2019-05-13,58,25,36,8,0.6,32,109,2
"1322",2019-05-14,55,22,27,6,0.6,25,106,2
"1323",2019-05-15,36,20,21,6,0.6,28,71,2
"1324",2019-05-16,60,43,35,6,0.7,41,53,2
"1325",2019-05-17,49,23,27,6,0.6,39,67,2
"1326",2019-05-18,54,38,39,7,0.8,39,81,2
"1327",2019-05-19,80,59,58,7,0.7,48,84,4
"1328",2019-05-20,61,28,67,7,0.5,36,113,2
"1329",2019-05-21,125,32,84,9,0.5,52,187,1
"1330",2019-05-22,155,43,84,10,0.7,48,220,1
"1331",2019-05-23,202,62,101,11,0.8,56,274,1
"1332",2019-05-24,123,34,67,7,0.5,40,185,1
"1333",2019-05-25,70,23,50,5,0.5,17,124,2
"1334",2019-05-26,45,21,28,4,0.5,17,89,2
"1335",2019-05-27,56,28,31,5,0.7,21,107,2
"1336",2019-05-28,62,12,31,5,0.5,29,114,2
"1337",2019-05-29,92,25,50,6,0.6,73,114,4
"1338",2019-05-30,85,25,44,6,0.6,45,142,2
"1339",2019-05-31,86,59,48,5,0.8,42,143,1
"1340",2019-06-01,65,33,30,5,0.6,30,118,2
"1341",2019-06-02,71,19,25,5,0.5,25,125,2
"1342",2019-06-03,87,30,30,5,0.6,23,144,2
"1343",2019-06-04,96,32,38,5,0.6,29,155,1
"1344",2019-06-05,91,42,44,4,0.6,22,149,2
"1345",2019-06-06,44,21,34,5,0.6,22,88,2
"1346",2019-06-07,59,18,25,5,0.5,23,110,2
"1347",2019-06-08,89,26,29,5,0.4,20,146,2
"1348",2019-06-09,87,26,30,5,0.5,18,144,2
"1349",2019-06-10,60,40,42,5,0.6,30,111,2
"1350",2019-06-11,63,25,29,5,0.4,23,115,2
"1351",2019-06-12,63,18,27,5,0.3,21,115,2
"1352",2019-06-13,54,21,25,5,0.4,24,104,2
"1353",2019-06-14,68,17,22,5,0.4,23,121,2
"1354",2019-06-15,173,57,66,10,0.7,42,238,1
"1355",2019-06-16,177,77,73,11,0.7,42,242,1
"1356",2019-06-17,80,29,37,8,0.5,29,136,2
"1357",2019-06-18,45,19,18,5,0.6,36,78,2
"1358",2019-06-19,46,28,19,5,0.6,31,92,2
"1359",2019-06-20,36,22,22,5,0.5,28,71,2
"1360",2019-06-21,39,19,20,5,0.5,22,78,2
"1361",2019-06-22,44,28,29,5,0.5,24,87,2
"1362",2019-06-23,60,27,32,5,0.5,19,112,2
"1363",2019-06-24,73,22,27,5,0.4,19,127,2
"1364",2019-06-25,45,14,23,5,0.4,21,89,2
"1365",2019-06-26,47,19,21,5,0.5,37,57,2
"1366",2019-06-27,75,33,28,5,0.5,31,130,2
"1367",2019-06-28,121,43,42,6,0.6,33,183,1
"1368",2019-06-29,57,40,38,6,0.9,44,78,2
"1369",2019-06-30,48,21,15,4,0.7,37,95,2
"1370",2019-07-01,48,17,15,4,0.5,31,95,2
"1371",2019-07-02,65,18,23,5,0.4,31,118,2
"1372",2019-07-03,71,23,29,5,0.4,23,125,2
"1373",2019-07-04,70,36,37,5,0.5,28,124,2
"1374",2019-07-05,61,37,36,6,0.5,30,113,2
"1375",2019-07-06,74,36,31,5,0.4,23,128,2
"1376",2019-07-07,137,34,38,5,0.6,31,200,1
"1377",2019-07-08,112,54,49,7,0.7,32,173,1
"1378",2019-07-09,37,16,17,5,0.4,23,73,2
"1379",2019-07-10,43,16,20,5,0.5,34,73,2
"1380",2019-07-11,58,32,34,5,0.6,46,97,2
"1381",2019-07-12,44,28,25,5,0.5,35,64,2
"1382",2019-07-13,48,9,11,4,0.5,28,95,2
"1383",2019-07-14,93,31,29,6,0.5,34,151,2
"1384",2019-07-15,64,22,27,5,0.4,24,116,2
"1385",2019-07-16,38,17,23,5,0.4,24,75,2
"1386",2019-07-17,39,20,28,5,0.4,21,77,2
"1387",2019-07-18,25,10,21,4,0.3,20,35,2
"1388",2019-07-19,25,9,17,4,0.3,20,43,2
"1389",2019-07-20,45,25,33,5,0.6,33,90,2
"1390",2019-07-21,92,38,40,5,0.5,33,150,2
"1391",2019-07-22,90,31,40,5,0.5,23,147,2
"1392",2019-07-23,116,23,38,5,0.5,27,177,1
"1393",2019-07-24,78,31,46,5,0.7,40,133,2
"1394",2019-07-25,71,37,51,5,0.7,45,125,2
"1395",2019-07-26,97,47,59,5,0.8,45,156,1
"1396",2019-07-27,72,34,48,6,0.7,41,126,2
"1397",2019-07-28,70,20,33,5,0.5,20,124,2
"1398",2019-07-29,90,16,29,5,0.4,21,148,2
"1399",2019-07-30,99,15,30,6,0.4,23,158,2
"1400",2019-07-31,64,12,25,6,0.5,21,116,2
"1401",2019-08-01,38,9,24,5,0.4,18,75,2
"1402",2019-08-02,25,8,22,5,0.4,17,50,2
"1403",2019-08-03,25,13,25,6,0.4,19,44,2
"1404",2019-08-04,30,6,16,4,0.5,24,36,2
"1405",2019-08-05,24,9,23,5,0.4,19,41,2
"1406",2019-08-06,36,17,25,6,0.4,19,71,2
"1407",2019-08-07,38,24,35,5,0.4,19,76,2
"1408",2019-08-08,26,11,26,5,0.4,16,30,2
"1409",2019-08-09,25,11,25,5,0.4,11,25,2
"1410",2019-08-10,39,12,20,4,0.5,6,78,2
"1411",2019-08-11,40,8,14,4,0.5,16,79,2
"1412",2019-08-12,89,20,35,5,0.6,27,146,2
"1413",2019-08-13,85,32,40,6,0.7,44,141,2
"1414",2019-08-14,143,46,53,6,0.9,45,207,1
"1415",2019-08-15,118,42,46,7,1.1,32,179,1
"1416",2019-08-16,170,46,54,7,1,31,235,1
"1417",2019-08-17,181,53,66,7,0.9,33,246,1
"1418",2019-08-18,93,41,47,5,0.7,33,151,1
"1419",2019-08-19,82,17,27,5,0.6,26,138,2
"1420",2019-08-20,67,15,25,6,0.6,24,120,2
"1421",2019-08-21,110,25,41,7,0.7,34,171,1
"1422",2019-08-22,93,36,49,6,0.7,30,151,1
"1423",2019-08-23,64,32,41,6,0.6,28,116,2
"1424",2019-08-24,36,21,28,6,0.5,26,71,2
"1425",2019-08-25,23,11,23,5,0.4,18,46,2
"1426",2019-08-26,81,17,32,5,0.5,23,137,2
"1427",2019-08-27,85,28,44,6,0.6,40,142,2
"1428",2019-08-28,46,17,20,5,0.6,31,91,2
"1429",2019-08-29,55,22,24,5,0.7,44,84,2
"1430",2019-08-30,111,54,51,7,0.9,49,172,1
"1431",2019-08-31,85,42,38,6,0.7,32,142,2
"1432",2019-09-01,54,13,14,5,0.5,29,104,2
"1433",2019-09-02,42,8,10,5,0.5,33,74,2
"1434",2019-09-03,68,16,21,5,0.6,54,36,2
"1435",2019-09-04,64,31,27,6,0.7,51,42,2
"1436",2019-09-05,42,12,17,6,0.5,33,27,2
"1437",2019-09-06,28,7,14,5,0.5,22,24,2
"1438",2019-09-07,79,22,36,7,0.7,35,134,2
"1439",2019-09-08,93,33,41,6,0.7,33,151,1
"1440",2019-09-09,47,24,33,6,0.6,37,88,2
"1441",2019-09-10,120,36,54,7,0.8,47,182,1
"1442",2019-09-11,65,32,34,6,0.6,27,117,2
"1443",2019-09-12,63,18,27,6,0.6,30,115,2
"1444",2019-09-13,54,15,25,6,0.5,24,104,2
"1445",2019-09-14,46,15,29,6,0.5,25,91,2
"1446",2019-09-15,54,12,22,6,0.7,21,104,2
"1447",2019-09-16,76,15,33,7,0.6,24,131,2
"1448",2019-09-17,66,22,40,6,0.7,24,119,2
"1449",2019-09-18,72,14,37,6,0.6,21,126,2
"1450",2019-09-19,48,11,33,6,0.6,20,95,2
"1451",2019-09-20,75,14,32,6,0.6,23,129,2
"1452",2019-09-21,50,10,18,5,0.5,17,100,2
"1453",2019-09-22,45,11,22,6,0.6,21,89,2
"1454",2019-09-23,52,21,44,7,0.7,39,102,2
"1455",2019-09-24,110,38,63,10,0.9,63,170,1
"1456",2019-09-25,96,46,54,8,0.8,53,155,1
"1457",2019-09-26,74,23,32,7,0.6,36,128,2
"1458",2019-09-27,63,25,36,7,0.6,41,115,2
"1459",2019-09-28,52,36,44,7,0.6,37,102,2
"1460",2019-09-29,56,30,37,6,0.5,33,107,2
"1461",2019-09-30,46,30,40,6,0.5,29,92,2
"1462",2019-10-01,20,12,14,6,0.4,16,30,2
"1463",2019-10-02,28,12,19,8,0.6,22,45,2
"1464",2019-10-03,47,19,29,8,0.7,37,72,2
"1465",2019-10-04,61,35,33,8,0.6,28,113,2
"1466",2019-10-05,56,27,35,6,0.6,21,107,2
"1467",2019-10-06,49,10,30,6,0.4,23,98,2
"1468",2019-10-07,53,35,52,8,0.7,42,60,2
"1469",2019-10-08,80,59,55,9,1.1,51,59,4
"1470",2019-10-09,60,43,48,8,0.7,47,87,2
"1471",2019-10-10,69,15,36,9,0.5,36,122,2
"1472",2019-10-11,57,38,48,10,0.6,45,72,2
"1473",2019-10-12,70,29,44,8,0.6,28,124,2
"1474",2019-10-13,60,21,36,7,0.5,30,111,2
"1475",2019-10-14,45,19,34,7,0.5,27,90,2
"1476",2019-10-15,39,11,28,6,0.4,23,77,2
"1477",2019-10-16,49,17,36,7,0.5,39,87,2
"1478",2019-10-17,52,21,38,8,0.6,41,95,2
"1479",2019-10-18,55,18,32,7,0.5,37,106,2
"1480",2019-10-19,75,35,45,8,0.6,48,129,2
"1481",2019-10-20,87,44,48,8,0.7,54,144,1
"1482",2019-10-21,68,35,38,7,0.6,46,121,2
"1483",2019-10-22,74,31,42,8,0.6,59,116,2
"1484",2019-10-23,70,36,45,7,0.6,44,123,2
"1485",2019-10-24,61,27,38,7,0.6,44,113,2
"1486",2019-10-25,84,48,64,9,0.7,50,140,1
"1487",2019-10-26,38,20,34,7,0.5,30,74,2
"1488",2019-10-27,72,24,44,8,0.6,57,63,2
"1489",2019-10-28,95,61,64,9,0.9,76,88,4
"1490",2019-10-29,128,71,205,12,1,71,112,3
"1491",2019-10-30,131,46,212,10,0.8,79,104,3
"1492",2019-10-31,129,52,207,10,0.7,70,158,1
"1493",2019-11-01,87,42,111,9,0.7,69,135,4
"1494",2019-11-02,110,72,146,9,0.9,60,171,1
"1495",2019-11-03,55,28,45,8,0.6,34,106,2
"1496",2019-11-04,60,32,50,8,0.7,33,112,2
"1497",2019-11-05,50,16,30,7,0.5,36,100,2
"1498",2019-11-06,58,15,26,7,0.5,46,90,2
"1499",2019-11-07,62,32,41,8,0.7,40,114,2
"1500",2019-11-08,45,13,29,7,0.5,29,89,2
"1501",2019-11-09,54,12,25,7,0.5,43,92,2
"1502",2019-11-10,76,39,63,9,0.7,54,131,4
"1503",2019-11-11,97,44,103,12,0.9,77,81,4
"1504",2019-11-12,70,25,75,7,0.6,56,72,4
"1505",2019-11-13,74,54,74,10,0.9,55,93,4
"1506",2019-11-14,67,20,84,7,0.6,38,77,2
"1507",2019-11-15,60,20,60,8,0.6,48,108,2
"1508",2019-11-16,58,22,50,9,0.5,46,109,2
"1509",2019-11-17,62,34,60,9,0.7,49,82,4
"1510",2019-11-18,84,47,118,7,0.7,37,63,4
"1511",2019-11-19,93,33,135,9,0.6,36,69,4
"1512",2019-11-20,65,23,79,7,0.6,49,76,2
"1513",2019-11-21,62,12,31,6,0.5,49,62,2
"1514",2019-11-22,80,26,49,9,0.5,64,50,4
"1515",2019-11-23,69,21,37,7,0.5,55,41,2
"1516",2019-11-24,50,32,33,6,0.7,40,62,2
"1517",2019-11-25,33,13,29,5,0.4,26,59,2
"1518",2019-11-26,48,15,26,5,0.5,38,47,2
"1519",2019-11-27,44,16,18,5,0.4,35,49,2
"1520",2019-11-28,38,16,32,6,0.5,30,57,2
"1521",2019-11-29,54,17,32,6,0.5,43,47,2
"1522",2019-11-30,73,15,24,6,0.5,58,38,2
"1523",2019-12-01,53,27,22,5,0.9,42,41,2
"1524",2019-12-02,93,69,63,12,1,61,52,4
"1525",2019-12-03,112,84,87,15,1.1,95,61,3
"1526",2019-12-04,139,106,101,15,1.3,115,44,3
"1527",2019-12-05,78,54,53,11,0.7,62,74,4
"1528",2019-12-06,40,14,23,6,0.4,32,76,2
"1529",2019-12-07,80,38,47,9,0.6,64,84,4
"1530",2019-12-08,108,74,76,13,1,96,75,4
"1531",2019-12-09,115,87,81,11,0.9,101,69,4
"1532",2019-12-10,116,72,75,12,0.9,112,73,4
"1533",2019-12-11,148,113,112,14,1.3,94,90,3
"1534",2019-12-12,74,33,44,8,0.7,59,73,4
"1535",2019-12-13,93,33,57,9,0.8,74,73,4
"1536",2019-12-14,83,57,70,9,0.9,66,77,4
"1537",2019-12-15,54,17,31,7,0.5,43,61,2
"1538",2019-12-16,75,34,49,7,0.7,60,61,4
"1539",2019-12-17,103,77,62,8,1.2,60,16,4
"1540",2019-12-18,42,28,29,5,0.7,33,54,2
"1541",2019-12-19,57,28,35,6,0.6,45,40,2
"1542",2019-12-20,65,41,41,8,0.7,52,52,4
"1543",2019-12-21,63,27,24,6,0.6,50,62,2
"1544",2019-12-22,57,18,20,6,0.6,45,63,2
"1545",2019-12-23,64,33,30,6,0.7,51,69,2
"1546",2019-12-24,54,34,36,6,0.7,43,64,2
"1547",2019-12-25,83,27,30,6,0.7,66,35,4
"1548",2019-12-26,57,33,26,6,1,45,41,2
"1549",2019-12-27,98,73,71,10,1,67,49,4
"1550",2019-12-28,100,75,68,10,1,68,74,4
"1551",2019-12-29,80,41,44,8,0.6,64,34,4
"1552",2019-12-30,102,76,61,10,0.8,48,87,4
"1553",2019-12-31,34,17,31,6,0.4,27,56,2
"1554",2020-01-01,54,14,24,6,0.4,43,60,2
"1555",2020-01-02,82,24,40,7,0.6,65,34,4
"1556",2020-01-03,72,39,40,8,0.6,57,30,4
"1557",2020-01-04,88,65,50,7,0.8,52,61,4
"1558",2020-01-05,63,40,38,7,0.6,50,64,2
"1559",2020-01-06,59,22,31,7,0.7,47,69,2
"1560",2020-01-07,67,34,32,6,1.2,53,27,4
"1561",2020-01-08,59,42,40,6,1.1,44,42,4
"1562",2020-01-09,58,33,31,6,0.8,46,47,2
"1563",2020-01-10,45,16,19,5,0.5,36,53,2
"1564",2020-01-11,49,31,22,6,0.7,39,57,2
"1565",2020-01-12,147,112,83,11,1.4,57,59,3
"1566",2020-01-13,155,118,86,10,1.3,67,65,3
"1567",2020-01-14,156,119,87,9,1.3,64,64,3
"1568",2020-01-15,59,39,27,6,0.6,47,65,2
"1569",2020-01-16,44,11,12,5,0.4,35,63,2
"1570",2020-01-17,59,42,36,6,0.7,41,56,2
"1571",2020-01-18,92,68,53,7,0.9,43,55,4
"1572",2020-01-19,113,85,65,7,1,59,67,4
"1573",2020-01-20,173,131,106,10,1.4,76,103,3
"1574",2020-01-21,128,97,66,6,1,57,113,4
"1575",2020-01-22,104,78,44,5,1.2,55,69,4
"1576",2020-01-23,49,34,21,4,0.7,35,66,2
"1577",2020-01-24,62,44,52,5,0.7,25,97,2
"1578",2020-01-25,35,14,14,4,0.5,21,69,2
"1579",2020-01-26,39,16,20,5,0.6,18,77,2
"1580",2020-01-27,40,24,22,4,0.6,19,79,2
"1581",2020-01-28,110,83,66,6,1.1,25,62,4
"1582",2020-01-29,92,68,55,8,0.9,22,102,4
"1583",2020-01-30,95,71,59,9,1.1,22,98,4
"1584",2020-01-31,68,49,41,9,0.9,34,89,4
"1585",2020-02-01,57,30,26,7,0.7,45,81,2
"1586",2020-02-02,52,36,24,6,0.6,31,101,2
"1587",2020-02-03,82,60,44,6,0.8,39,103,4
"1588",2020-02-04,46,19,21,5,0.5,29,91,2
"1589",2020-02-05,45,27,31,5,0.6,29,89,2
"1590",2020-02-06,40,17,21,4,0.5,15,79,2
"1591",2020-02-07,41,24,24,5,0.6,17,81,2
"1592",2020-02-08,58,41,37,5,0.6,21,79,2
"1593",2020-02-09,104,78,65,6,0.9,31,97,4
"1594",2020-02-10,67,48,42,8,0.7,33,104,2
"1595",2020-02-11,45,26,21,5,0.5,24,89,2
"1596",2020-02-12,68,49,36,6,0.9,43,64,4
"1597",2020-02-13,73,53,32,5,0.8,29,69,2
"1598",2020-02-14,39,18,10,4,0.6,31,66,2
"1599",2020-02-15,30,13,7,4,0.6,24,48,2
"1600",2020-02-16,40,25,36,6,0.6,15,79,2
"1601",2020-02-17,42,17,27,7,0.5,18,84,2
"1602",2020-02-18,42,18,23,8,0.6,27,84,2
"1603",2020-02-19,55,13,20,5,0.3,23,106,2
"1604",2020-02-20,48,16,22,5,0.3,38,90,2
"1605",2020-02-21,46,29,31,6,0.5,33,91,2
"1606",2020-02-22,93,69,96,9,0.7,33,115,4
"1607",2020-02-23,56,27,53,5,0.4,24,107,2
"1608",2020-02-24,75,38,69,8,0.6,26,129,2
"1609",2020-02-25,65,47,52,7,0.8,35,86,2
"1610",2020-02-26,44,28,36,4,0.6,19,87,2
"1611",2020-02-27,47,29,44,5,0.6,21,94,2
"1612",2020-02-28,52,36,42,5,0.8,37,76,2
"1613",2020-02-29,47,26,16,5,0.7,37,63,2
"1614",2020-03-01,40,16,13,4,0.6,23,79,2
"1615",2020-03-02,48,24,28,5,0.8,18,96,2
"1616",2020-03-03,41,22,33,5,0.6,29,82,2
"1617",2020-03-04,47,29,35,5,0.6,22,94,2
"1618",2020-03-05,50,22,30,5,0.5,20,99,2
"1619",2020-03-06,62,22,32,5,0.5,22,114,2
"1620",2020-03-07,82,60,44,6,0.7,37,106,2
"1621",2020-03-08,55,18,19,4,0.4,23,106,2
"1622",2020-03-09,43,12,7,4,0.6,34,82,2
"1623",2020-03-10,48,30,30,5,0.7,29,96,2
"1624",2020-03-11,85,63,63,6,0.8,50,112,4
"1625",2020-03-12,69,50,48,6,0.7,30,110,2
"1626",2020-03-13,42,23,25,4,0.6,32,84,2
"1627",2020-03-14,46,25,46,6,0.6,32,88,2
"1628",2020-03-15,70,44,73,8,0.7,56,109,4
"1629",2020-03-16,44,15,37,6,0.5,25,88,2
"1630",2020-03-17,76,31,58,10,0.6,49,131,2
"1631",2020-03-18,104,51,74,12,0.7,57,164,1
"1632",2020-03-19,63,34,76,9,0.5,38,90,2
"1633",2020-03-20,64,15,61,11,0.4,34,116,2
"1634",2020-03-21,80,35,64,13,0.7,44,136,4
"1635",2020-03-22,54,38,36,6,0.6,28,103,2
"1636",2020-03-23,47,14,29,6,0.4,33,94,2
"1637",2020-03-24,54,24,37,6,0.4,39,104,2
"1638",2020-03-25,66,16,39,8,0.5,27,119,2
"1639",2020-03-26,69,35,42,9,0.8,55,50,4
"1640",2020-03-27,43,13,39,5,0.5,19,86,2
"1641",2020-03-28,39,8,25,5,0.4,18,77,2
"1642",2020-03-29,37,8,28,6,0.4,24,73,2
"1643",2020-03-30,40,13,23,5,0.5,32,79,2
"1644",2020-03-31,46,16,27,5,0.5,34,91,2
"1645",2020-04-01,71,37,41,7,0.6,29,125,2
"1646",2020-04-02,58,17,45,6,0.4,29,109,2
"1647",2020-04-03,61,27,47,7,0.5,37,113,2
"1648",2020-04-04,95,47,72,9,0.6,52,153,1
"1649",2020-04-05,62,13,41,6,0.4,18,114,2
"1650",2020-04-06,46,15,38,6,0.4,32,92,2
"1651",2020-04-07,75,25,46,7,0.5,60,93,2
"1652",2020-04-08,80,29,52,8,0.6,64,126,4
"1653",2020-04-09,65,34,54,7,0.5,41,117,2
"1654",2020-04-10,62,23,46,6,0.5,26,114,2
"1655",2020-04-11,48,22,29,5,0.5,25,96,2
"1656",2020-04-12,73,52,54,8,0.8,34,127,4
"1657",2020-04-13,85,56,82,10,0.9,55,141,4
"1658",2020-04-14,112,61,76,9,0.7,54,173,1
"1659",2020-04-15,86,54,72,9,0.7,60,143,4
"1660",2020-04-16,104,36,59,9,0.6,41,164,1
"1661",2020-04-17,101,53,107,10,1,81,88,4
"1662",2020-04-18,75,43,72,7,0.8,44,129,4
"1663",2020-04-19,60,32,28,5,0.8,30,111,2
"1664",2020-04-20,100,54,46,7,0.9,45,159,1
"1665",2020-04-21,45,21,29,6,0.5,32,90,2
"1666",2020-04-22,63,24,48,7,0.5,38,115,2
"1667",2020-04-23,65,22,50,7,0.5,29,118,2
"1668",2020-04-24,98,38,71,10,0.6,49,157,1
"1669",2020-04-25,95,41,71,9,0.6,47,154,1
"1670",2020-04-26,65,32,70,7,0.5,27,118,2
"1671",2020-04-27,55,18,37,6,0.4,31,105,2
"1672",2020-04-28,59,20,36,6,0.4,38,110,2
"1673",2020-04-29,93,20,45,8,0.5,31,151,2
"1674",2020-04-30,130,35,66,10,0.7,40,192,1
"1675",2020-05-01,59,39,61,9,0.7,47,63,4
"1676",2020-05-02,88,30,38,7,0.6,26,145,2
"1677",2020-05-03,132,54,74,8,0.8,49,195,1
"1678",2020-05-04,77,56,43,7,0.7,47,130,4
"1679",2020-05-05,56,27,24,5,0.7,26,107,2
"1680",2020-05-06,38,23,27,6,0.6,30,73,2
"1681",2020-05-07,60,25,36,6,0.6,22,111,2
"1682",2020-05-08,38,17,28,6,0.6,19,75,2
"1683",2020-05-09,62,44,41,6,1,41,80,4
"1684",2020-05-10,103,77,65,7,1,48,89,4
"1685",2020-05-11,130,82,67,7,0.9,42,192,1
"1686",2020-05-12,100,24,66,9,0.6,38,160,1
"1687",2020-05-13,69,18,80,7,0.5,32,122,2
"1688",2020-05-14,81,19,80,7,0.6,22,137,2
"1689",2020-05-15,57,33,42,7,0.8,43,108,2
"1690",2020-05-16,90,67,43,7,0.9,62,83,4
"1691",2020-05-17,95,69,48,9,0.9,38,153,1
"1692",2020-05-18,99,36,67,9,0.8,36,158,1
"1693",2020-05-19,92,28,73,9,0.7,39,150,1
"1694",2020-05-20,134,39,70,9,0.6,35,197,1
"1695",2020-05-21,88,21,50,7,0.6,22,145,2
"1696",2020-05-22,78,19,37,7,0.6,23,133,2
"1697",2020-05-23,57,22,36,8,0.6,22,108,2
"1698",2020-05-24,106,39,54,8,0.7,24,166,1
"1699",2020-05-25,73,53,52,7,0.8,30,126,2
"1700",2020-05-26,46,17,19,6,0.6,31,92,2
"1701",2020-05-27,74,39,47,7,0.8,52,128,4
"1702",2020-05-28,157,63,73,9,0.9,47,222,1
"1703",2020-05-29,87,64,58,8,0.8,49,102,4
"1704",2020-05-30,59,11,15,6,0.5,23,110,2
"1705",2020-05-31,111,55,55,7,1,44,172,1
"1706",2020-06-01,129,57,58,7,0.8,36,191,1
"1707",2020-06-02,130,28,44,8,0.7,33,192,1
"1708",2020-06-03,58,26,30,6,0.8,46,74,2
"1709",2020-06-04,89,42,48,6,0.9,51,146,1
"1710",2020-06-05,41,22,18,5,0.7,32,82,2
"1711",2020-06-06,46,11,16,5,0.6,21,92,2
"1712",2020-06-07,67,21,35,6,0.5,22,120,2
"1713",2020-06-08,52,31,54,6,0.6,20,95,2
"1714",2020-06-09,30,12,15,5,0.5,21,60,2
"1715",2020-06-10,55,36,33,5,0.7,44,56,2
"1716",2020-06-11,72,52,33,5,0.7,36,77,2
"1717",2020-06-12,119,47,42,5,0.7,34,180,1
"1718",2020-06-13,127,39,52,6,0.7,44,189,1
"1719",2020-06-14,58,32,40,6,0.8,40,109,2
"1720",2020-06-15,59,42,26,5,0.8,41,68,2
"1721",2020-06-16,72,23,22,5,0.6,32,126,2
"1722",2020-06-17,66,40,46,5,0.7,33,119,2
"1723",2020-06-18,47,26,33,5,0.8,37,82,2
"1724",2020-06-19,85,24,29,5,0.7,23,141,2
"1725",2020-06-20,70,39,32,5,0.6,24,124,2
"1726",2020-06-21,44,12,11,4,0.5,22,87,2
"1727",2020-06-22,44,14,19,5,0.6,23,87,2
"1728",2020-06-23,52,19,22,5,0.7,26,102,2
"1729",2020-06-24,54,30,31,5,0.9,43,88,2
"1730",2020-06-25,54,38,29,5,0.9,39,84,2
"1731",2020-06-26,77,32,29,5,0.7,26,132,2
"1732",2020-06-27,45,25,23,6,0.7,36,65,2
"1733",2020-06-28,48,18,15,5,0.6,38,72,2
"1734",2020-06-29,38,26,28,6,0.7,29,74,2
"1735",2020-06-30,111,22,30,8,0.7,31,172,1
"1736",2020-07-01,75,17,23,6,0.5,23,130,2
"1737",2020-07-02,47,13,20,5,0.5,19,94,2
"1738",2020-07-03,46,14,20,5,0.6,24,92,2
"1739",2020-07-04,43,11,16,5,0.5,22,86,2
"1740",2020-07-05,44,24,21,4,0.7,35,72,2
"1741",2020-07-06,53,25,21,5,0.8,42,47,2
"1742",2020-07-07,91,27,31,5,0.7,32,149,2
"1743",2020-07-08,52,25,25,5,0.6,41,70,2
"1744",2020-07-09,44,18,15,4,0.5,35,51,2
"1745",2020-07-10,35,20,20,4,0.5,26,70,2
"1746",2020-07-11,43,28,22,4,0.5,34,56,2
"1747",2020-07-12,109,39,51,6,0.6,31,169,1
"1748",2020-07-13,49,27,34,5,0.8,39,62,2
"1749",2020-07-14,53,37,31,4,0.8,38,82,2
"1750",2020-07-15,43,15,12,4,0.5,30,85,2
"1751",2020-07-16,43,15,19,4,0.5,26,85,2
"1752",2020-07-17,43,17,21,4,0.5,34,55,2
"1753",2020-07-18,83,42,55,5,0.7,43,139,1
"1754",2020-07-19,78,31,44,6,0.7,33,133,2
"1755",2020-07-20,50,27,27,6,0.9,40,53,2
"1756",2020-07-21,110,61,57,6,0.8,42,171,1
"1757",2020-07-22,120,56,55,7,0.7,46,182,1
"1758",2020-07-23,91,23,42,6,0.5,33,149,2
"1759",2020-07-24,61,31,43,6,0.7,34,113,2
"1760",2020-07-25,156,60,61,7,0.8,34,221,1
"1761",2020-07-26,120,38,44,6,0.6,32,181,1
"1762",2020-07-27,56,34,46,6,0.6,35,107,2
"1763",2020-07-28,67,37,48,6,0.6,41,120,2
"1764",2020-07-29,60,14,27,6,0.4,25,112,2
"1765",2020-07-30,38,10,24,5,0.4,18,75,2
"1766",2020-07-31,29,11,29,5,0.4,17,55,2
"1767",2020-08-01,60,11,31,6,0.4,17,111,2
"1768",2020-08-02,61,14,34,6,0.4,18,113,2
"1769",2020-08-03,28,9,27,5,0.3,16,56,2
"1770",2020-08-04,28,8,28,5,0.4,13,52,2
"1771",2020-08-05,31,9,21,5,0.5,20,61,2
"1772",2020-08-06,78,21,37,6,0.5,29,133,2
"1773",2020-08-07,93,30,51,6,0.6,34,151,1
"1774",2020-08-08,76,21,40,7,0.5,28,131,2
"1775",2020-08-09,95,26,41,7,0.5,22,153,2
"1776",2020-08-10,67,22,40,6,0.6,31,120,2
"1777",2020-08-11,68,17,35,6,0.5,26,121,2
"1778",2020-08-12,75,16,35,7,0.5,25,129,2
"1779",2020-08-13,102,21,41,7,0.5,27,162,1
"1780",2020-08-14,115,25,49,8,0.6,30,176,1
"1781",2020-08-15,71,13,29,7,0.5,22,125,2
"1782",2020-08-16,95,18,37,7,0.5,20,153,2
"1783",2020-08-17,54,25,46,7,0.4,19,104,2
"1784",2020-08-18,49,28,46,8,0.4,18,98,2
"1785",2020-08-19,57,25,42,7,0.5,20,108,2
"1786",2020-08-20,58,23,38,6,0.5,22,109,2
"1787",2020-08-21,39,23,36,5,0.4,19,78,2
"1788",2020-08-22,34,21,34,4,0.5,21,58,2
"1789",2020-08-23,34,22,34,5,0.4,24,64,2
"1790",2020-08-24,32,15,25,4,0.4,22,64,2
"1791",2020-08-25,40,12,30,5,0.5,20,80,2
"1792",2020-08-26,35,19,34,5,0.7,28,64,2
"1793",2020-08-27,97,34,48,5,0.8,29,156,1
"1794",2020-08-28,40,15,19,4,0.6,30,79,2
"1795",2020-08-29,43,23,25,4,0.6,34,64,2
"1796",2020-08-30,43,30,29,4,0.6,25,72,2
"1797",2020-08-31,27,14,22,6,0.4,17,54,2
"1798",2020-09-01,33,14,26,4,0.4,16,66,2
"1799",2020-09-02,33,17,31,5,0.6,22,66,2
"1800",2020-09-03,132,41,65,8,0.9,40,195,1
"1801",2020-09-04,131,41,60,8,0.7,38,194,1
"1802",2020-09-05,89,20,38,6,0.5,29,146,2
"1803",2020-09-06,80,21,43,6,0.6,26,135,2
"1804",2020-09-07,179,54,98,12,1.1,48,244,1
"1805",2020-09-08,146,44,76,8,0.8,50,210,1
"1806",2020-09-09,115,26,46,7,0.7,38,176,1
"1807",2020-09-10,73,26,36,5,0.6,29,127,2
"1808",2020-09-11,49,21,27,5,0.7,39,90,2
"1809",2020-09-12,49,23,34,6,0.8,36,98,2
"1810",2020-09-13,63,19,38,5,0.7,37,115,2
"1811",2020-09-14,52,18,21,5,0.7,41,88,2
"1812",2020-09-15,64,23,18,6,0.8,51,53,2
"1813",2020-09-16,68,45,40,6,1.2,54,96,4
"1814",2020-09-17,50,26,19,5,0.8,33,100,2
"1815",2020-09-18,67,28,29,5,0.9,53,72,2
"1816",2020-09-19,95,71,60,7,1.2,72,67,4
"1817",2020-09-20,67,28,38,6,0.8,53,118,2
"1818",2020-09-21,62,19,33,6,0.7,49,93,2
"1819",2020-09-22,61,15,30,6,0.7,44,113,2
"1820",2020-09-23,65,15,27,5,0.7,52,61,2
"1821",2020-09-24,59,21,35,6,0.8,47,91,2
"1822",2020-09-25,53,16,32,6,0.7,42,93,2
"1823",2020-09-26,45,13,29,5,0.6,36,89,2
"1824",2020-09-27,46,10,26,5,0.5,29,92,2
"1825",2020-09-28,46,10,28,6,0.5,31,92,2
"1826",2020-09-29,44,11,27,6,0.5,35,87,2
"1827",2020-09-30,53,17,35,6,0.5,35,103,2
"1828",2020-10-01,83,26,42,6,0.6,30,139,2
"1829",2020-10-02,86,21,34,6,0.6,21,143,2
"1830",2020-10-03,37,12,24,6,0.5,28,73,2
"1831",2020-10-04,46,10,19,6,0.6,19,92,2
"1832",2020-10-05,40,12,33,6,0.6,24,79,2
"1833",2020-10-06,43,11,27,7,0.7,24,85,2
"1834",2020-10-07,46,10,27,6,0.5,22,91,2
"1835",2020-10-08,53,12,31,6,0.5,27,103,2
"1836",2020-10-09,51,12,32,6,0.5,35,101,2
"1837",2020-10-10,56,15,35,6,0.5,36,107,2
