Datetime,AQI,PM2.5,PM10,SO2,CO,NO2,O3_8h
10/1/2015,60,39,70,14,0.9,27,104
10/2/2015,88,35,92,18,0.9,40,145
10/3/2015,114,38,68,13,0.7,32,175
10/4/2015,85,28,44,11,0.6,31,141
10/5/2015,57,28,37,10,0.7,45,97
10/6/2015,72,21,34,11,0.6,34,126
10/7/2015,75,18,33,11,0.6,22,130
10/8/2015,50,18,36,10,0.6,32,100
10/9/2015,104,78,107,25,1.1,60,129
10/10/2015,85,63,96,26,1,60,129
10/11/2015,83,57,100,28,1,66,126
10/12/2015,109,82,128,29,1.3,94,153
10/13/2015,132,100,144,31,1.4,115,180
10/14/2015,133,101,138,22,1.2,99,155
10/15/2015,79,30,47,13,0.6,50,134
10/16/2015,85,41,56,15,0.7,50,141
10/17/2015,67,32,48,15,0.6,53,113
10/18/2015,89,42,52,13,0.7,38,146
10/19/2015,84,41,55,15,0.6,43,140
10/20/2015,73,36,50,14,0.6,42,127
10/21/2015,90,47,67,15,0.7,46,148
10/22/2015,114,82,105,15,0.9,47,175
10/23/2015,73,43,69,14,0.7,47,127
10/24/2015,64,46,62,15,0.7,39,111
10/25/2015,63,45,63,14,0.8,37,109
10/26/2015,78,49,75,14,0.8,40,133
10/27/2015,100,75,121,21,1.3,54,84
10/28/2015,93,66,122,24,1,74,83
10/29/2015,63,36,68,13,0.7,50,78
10/30/2015,48,31,46,14,0.7,31,95
10/31/2015,47,20,38,14,0.6,27,94
11/1/2015,68,38,52,14,0.9,54,68
11/2/2015,156,119,153,37,1.5,87,120
11/3/2015,119,90,106,21,1.4,84,112
11/4/2015,69,33,51,13,0.8,55,67
11/5/2015,73,41,66,18,0.8,58,64
11/6/2015,43,21,37,13,0.6,34,75
11/7/2015,65,47,52,16,1.1,39,48
11/8/2015,120,91,110,22,2.1,49,12
11/9/2015,112,84,102,18,1.3,52,36
11/10/2015,77,56,61,18,0.9,44,85
11/11/2015,54,32,53,13,0.6,43,90
11/12/2015,102,57,77,15,1,83,65
11/13/2015,75,51,54,13,1.1,60,31
11/14/2015,165,125,153,23,1.5,67,122
11/15/2015,148,113,138,21,1.5,69,111
11/16/2015,102,76,100,16,1.4,57,88
11/17/2015,53,28,24,11,1,42,77
11/18/2015,46,26,46,10,0.8,35,82
11/19/2015,68,30,46,13,0.7,54,63
11/20/2015,79,45,55,14,0.8,63,64
11/21/2015,67,28,24,10,0.9,53,58
11/22/2015,57,30,45,12,1,45,80
11/23/2015,59,32,37,11,1.1,47,67
11/24/2015,35,19,34,9,0.8,26,69
11/25/2015,46,32,44,13,0.7,34,71
11/26/2015,69,50,68,24,0.9,33,59
11/27/2015,85,45,68,23,1,68,58
11/28/2015,112,68,97,22,1.1,103,52
11/29/2015,110,83,108,14,1.5,95,13
11/30/2015,179,135,155,30,1.9,106,74
12/1/2015,88,60,60,17,1,70,80
12/2/2015,107,80,110,23,1.1,62,58
12/3/2015,96,54,142,30,0.9,56,58
12/4/2015,79,48,94,36,1.1,63,47
12/5/2015,103,72,113,28,1.4,85,15
12/6/2015,135,103,154,31,1.6,77,27
12/7/2015,108,81,103,25,1.3,68,73
12/8/2015,78,32,51,16,0.7,62,74
12/9/2015,101,39,59,16,0.9,81,32
12/10/2015,74,41,56,14,1.3,59,21
12/11/2015,103,77,84,16,1,40,61
12/12/2015,79,46,66,21,0.9,63,56
12/13/2015,85,63,68,18,1,64,37
12/14/2015,196,147,185,41,1.5,77,58
12/15/2015,266,216,256,67,2.2,90,42
12/16/2015,92,68,93,36,1,54,52
12/17/2015,58,38,62,28,0.8,46,50
12/18/2015,90,47,64,26,1,72,40
12/19/2015,80,35,44,17,0.8,64,67
12/20/2015,92,49,47,15,1.1,73,30
12/21/2015,179,135,141,24,1.4,73,39
12/22/2015,119,90,108,21,1.3,86,20
12/23/2015,238,188,216,29,2.1,75,21
12/24/2015,77,56,68,16,1,53,61
12/25/2015,229,179,180,34,1.7,73,73
12/26/2015,144,110,108,30,1.5,90,50
12/27/2015,92,68,85,20,1.1,57,71
12/28/2015,53,34,56,16,0.7,33,73
12/29/2015,83,54,78,20,0.9,66,70
12/30/2015,122,92,128,28,1.4,96,57
12/31/2015,175,132,150,27,1.4,59,84
1/1/2016,79,58,71,17,0.9,60,81
1/2/2016,133,101,145,26,1.4,87,63
1/3/2016,207,157,187,28,1.8,127,33
1/4/2016,163,124,150,28,1.4,84,90
1/5/2016,53,25,29,13,0.6,28,103
1/6/2016,64,46,60,18,0.7,35,80
1/7/2016,100,75,97,25,1.1,62,59
1/8/2016,89,66,90,34,1,57,66
1/9/2016,147,112,129,41,1.3,83,90
1/10/2016,82,60,71,27,0.8,63,71
1/11/2016,63,45,59,17,0.7,35,83
1/12/2016,58,41,51,18,0.7,33,82
1/13/2016,158,120,128,40,1.5,67,44
1/14/2016,213,163,192,53,2.1,95,43
1/15/2016,188,141,171,44,1.7,106,63
1/16/2016,169,128,142,40,1.5,88,85
1/17/2016,109,82,124,21,1,42,93
1/18/2016,175,132,140,31,1.3,49,77
1/19/2016,110,83,95,32,1.1,46,77
1/20/2016,44,23,36,16,0.6,35,67
1/21/2016,40,15,24,12,0.6,32,59
1/22/2016,53,37,44,15,0.8,29,74
1/23/2016,57,40,55,22,0.8,24,75
1/24/2016,66,28,81,22,0.7,20,71
1/25/2016,65,34,78,22,0.8,52,61
1/26/2016,104,54,89,25,1,87,61
1/27/2016,104,40,56,16,1,87,29
1/28/2016,82,22,26,11,1,65,37
1/29/2016,46,24,46,12,0.8,36,73
1/30/2016,55,32,60,14,0.7,31,73
1/31/2016,75,55,80,19,1,34,84
2/1/2016,63,45,49,17,0.9,28,79
2/2/2016,115,87,103,32,1.4,58,79
2/3/2016,75,53,67,22,1,60,74
2/4/2016,80,35,46,19,0.8,64,63
2/5/2016,178,134,142,34,1.5,78,122
2/6/2016,77,56,72,23,1,34,98
2/7/2016,80,59,90,22,1,48,119
2/8/2016,114,86,140,24,0.9,45,121
2/9/2016,100,75,112,26,1,49,124
2/10/2016,75,32,55,19,0.6,29,129
2/11/2016,62,20,32,15,0.6,22,114
2/12/2016,42,25,31,12,0.7,27,84
2/13/2016,75,55,70,11,1.4,30,56
2/14/2016,48,33,42,12,0.7,20,82
2/15/2016,45,30,43,19,0.7,28,89
2/16/2016,54,36,51,22,0.7,43,90
2/17/2016,79,58,71,31,1,59,89
2/18/2016,93,69,84,22,0.8,57,109
2/19/2016,103,69,83,19,0.9,85,61
2/20/2016,103,77,110,23,0.8,42,102
2/21/2016,82,40,114,15,0.7,32,102
2/22/2016,63,37,76,11,0.6,33,103
2/23/2016,70,47,89,12,0.7,26,93
2/24/2016,50,33,49,15,0.6,26,100
2/25/2016,62,44,60,16,0.7,39,110
2/26/2016,95,71,99,18,0.8,59,108
2/27/2016,79,58,99,18,0.8,54,104
2/28/2016,85,63,104,18,0.8,41,98
2/29/2016,70,51,69,18,0.7,33,106
3/1/2016,53,32,55,15,0.6,39,94
3/2/2016,90,67,92,18,0.8,52,120
3/3/2016,101,66,109,22,0.9,82,91
3/4/2016,53,28,55,17,0.5,41,102
3/5/2016,110,83,123,19,0.9,48,145
3/6/2016,108,81,91,12,0.8,37,75
3/7/2016,97,72,100,14,0.9,52,82
3/8/2016,46,14,20,10,0.5,25,91
3/9/2016,49,16,45,10,0.5,18,97
3/10/2016,45,18,35,13,0.5,24,90
3/11/2016,83,55,77,24,0.9,66,93
3/12/2016,107,80,99,23,0.8,41,149
3/13/2016,73,53,63,14,0.7,43,124
3/14/2016,89,66,86,17,0.8,36,125
3/15/2016,59,38,48,14,0.5,38,110
3/16/2016,67,42,67,14,0.6,53,97
3/17/2016,68,36,45,12,0.6,54,74
3/18/2016,118,89,116,23,1.2,87,52
3/19/2016,67,31,39,12,0.6,53,65
3/20/2016,69,50,78,17,0.6,53,115
3/21/2016,72,52,68,15,0.6,41,116
3/22/2016,58,36,51,15,0.5,46,96
3/23/2016,66,30,57,14,0.4,29,119
3/24/2016,55,20,53,12,0.4,20,106
3/25/2016,72,30,61,18,0.5,34,126
3/26/2016,78,53,82,19,0.6,62,129
3/27/2016,134,102,130,25,0.9,61,118
3/28/2016,117,88,117,26,0.8,69,161
3/29/2016,95,66,107,22,0.8,76,137
3/30/2016,98,72,109,23,0.8,78,109
3/31/2016,87,48,77,12,0.7,69,98
4/1/2016,113,85,102,13,0.8,55,152
4/2/2016,74,54,59,12,0.6,46,114
4/3/2016,73,53,65,11,0.8,50,93
4/4/2016,53,21,47,14,0.5,37,103
4/5/2016,60,24,49,16,0.5,48,82
4/6/2016,68,33,42,11,0.7,54,74
4/7/2016,89,60,93,15,1.1,71,44
4/8/2016,79,40,43,13,0.6,63,89
4/9/2016,74,44,68,14,0.6,59,116
4/10/2016,93,69,98,17,0.7,61,83
4/11/2016,59,38,58,14,0.6,47,104
4/12/2016,68,49,84,11,0.7,51,90
4/13/2016,117,88,102,16,1,69,139
4/14/2016,159,121,146,14,0.9,60,161
4/15/2016,97,72,112,15,0.6,49,130
4/16/2016,57,29,47,12,0.6,36,108
4/17/2016,72,52,78,18,0.8,36,125
4/18/2016,81,27,52,13,0.4,40,137
4/19/2016,80,25,50,12,0.4,31,135
4/20/2016,59,24,43,11,0.6,40,110
4/21/2016,117,63,114,15,1,64,178
4/22/2016,156,99,124,20,1.1,61,221
4/23/2016,105,36,42,10,0.6,24,165
4/24/2016,85,50,100,12,0.7,41,141
4/25/2016,69,38,88,11,0.6,51,99
4/26/2016,59,35,62,11,0.6,47,91
4/27/2016,80,59,101,13,0.8,45,105
4/28/2016,120,91,126,22,1.2,50,172
4/29/2016,150,115,144,27,1.3,78,208
4/30/2016,146,74,91,18,0.7,43,210
5/1/2016,112,47,70,13,0.7,31,173
5/2/2016,65,38,52,11,0.7,36,118
5/3/2016,89,33,93,13,0.6,38,146
5/4/2016,125,48,111,17,0.7,60,187
5/5/2016,63,39,70,10,0.7,48,115
5/6/2016,115,74,100,15,0.9,38,176
5/7/2016,143,61,235,10,0.5,32,130
5/8/2016,62,26,73,11,0.5,30,106
5/9/2016,65,46,62,10,0.6,52,90
5/10/2016,59,29,51,11,0.6,47,94
5/11/2016,163,89,110,20,1,58,228
5/12/2016,133,58,82,15,0.7,34,196
5/13/2016,90,67,85,10,0.8,33,148
5/14/2016,63,35,48,8,0.5,24,115
5/15/2016,51,32,51,10,0.9,34,83
5/16/2016,96,43,62,16,0.8,42,155
5/17/2016,95,30,51,13,0.5,45,153
5/18/2016,121,43,71,14,0.5,33,183
5/19/2016,110,49,65,16,0.6,25,170
5/20/2016,65,24,42,10,0.5,24,118
5/21/2016,53,16,23,7,0.6,32,103
5/22/2016,77,56,76,9,0.8,39,99
5/23/2016,114,86,108,14,0.9,59,153
5/24/2016,122,92,102,18,1,50,145
5/25/2016,121,79,82,11,0.9,31,183
5/26/2016,133,101,121,11,1.2,65,118
5/27/2016,53,32,28,9,0.7,42,85
5/28/2016,68,30,32,9,0.8,54,88
5/29/2016,79,48,69,10,1.3,63,42
5/30/2016,78,57,71,10,0.7,42,130
5/31/2016,90,67,89,12,0.8,41,145
6/1/2016,78,24,48,9,0.6,27,133
6/2/2016,69,37,46,10,0.5,29,122
6/3/2016,67,19,28,8,0.5,28,120
6/4/2016,65,40,55,10,0.8,32,118
6/5/2016,65,29,32,10,0.6,27,117
6/6/2016,64,37,50,9,0.5,25,116
6/7/2016,58,41,54,9,0.6,32,98
6/8/2016,50,35,50,9,0.6,37,77
6/9/2016,46,29,38,9,0.5,29,91
6/10/2016,54,32,46,8,0.5,20,104
6/11/2016,73,53,78,11,0.7,37,117
6/12/2016,49,21,18,9,0.5,34,97
6/13/2016,69,31,44,12,0.6,35,122
6/14/2016,131,40,58,12,0.6,31,194
6/15/2016,117,67,92,13,0.9,44,178
6/16/2016,139,106,126,14,1.2,59,115
6/17/2016,128,63,69,12,0.8,35,190
6/18/2016,95,29,44,12,0.7,30,153
6/19/2016,71,27,46,13,0.7,34,125
6/20/2016,43,17,26,9,0.6,34,48
6/21/2016,110,47,75,12,0.8,51,171
6/22/2016,63,37,56,10,0.8,50,79
6/23/2016,119,55,78,12,0.8,43,180
6/24/2016,68,40,69,12,0.7,32,121
6/25/2016,58,41,43,7,0.8,44,101
6/26/2016,88,33,32,7,0.6,22,145
6/27/2016,73,30,42,7,0.8,45,127
6/28/2016,85,63,68,10,1.3,67,65
6/29/2016,52,30,38,9,0.8,41,59
6/30/2016,110,34,59,11,0.7,34,170
7/1/2016,58,30,53,11,0.8,38,109
7/2/2016,52,19,36,10,0.8,41,69
7/3/2016,74,54,74,11,0.9,42,109
7/4/2016,93,36,48,11,0.7,28,151
7/5/2016,87,23,42,10,0.7,33,144
7/6/2016,47,22,45,9,0.6,30,94
7/7/2016,32,12,32,8,0.5,16,48
7/8/2016,24,9,24,10,0.5,16,47
7/9/2016,27,11,27,9,0.5,16,52
7/10/2016,30,15,30,8,0.6,21,55
7/11/2016,37,23,35,7,0.6,29,71
7/12/2016,129,60,87,10,0.9,37,191
7/13/2016,150,58,87,10,1,50,214
7/14/2016,88,53,64,9,1.2,70,49
7/15/2016,129,54,72,10,1,49,191
7/16/2016,92,65,93,9,1,36,150
7/17/2016,102,76,77,9,0.9,28,162
7/18/2016,81,31,50,8,0.6,21,137
7/19/2016,100,31,54,9,0.6,23,159
7/20/2016,140,39,70,11,0.7,25,203
7/21/2016,161,43,69,14,0.8,33,226
7/22/2016,169,47,77,14,0.8,35,234
7/23/2016,137,44,77,13,0.8,29,200
7/24/2016,117,40,64,11,0.7,21,178
7/25/2016,91,23,42,10,0.6,17,149
7/26/2016,168,37,63,12,0.7,25,233
7/27/2016,128,47,80,12,0.9,39,190
7/28/2016,136,66,99,12,1,52,199
7/29/2016,156,71,93,11,0.9,34,221
7/30/2016,70,35,45,8,0.6,14,124
7/31/2016,38,14,28,9,0.4,11,75
8/1/2016,32,14,29,10,0.5,13,64
8/2/2016,57,16,36,10,0.6,18,108
8/3/2016,50,18,37,9,0.7,40,58
8/4/2016,62,26,39,13,0.7,49,99
8/5/2016,41,20,32,9,0.6,24,81
8/6/2016,39,16,28,10,0.6,18,78
8/7/2016,42,9,22,9,0.5,14,83
8/8/2016,33,9,20,10,0.5,18,65
8/9/2016,26,10,25,9,0.5,17,51
8/10/2016,31,10,23,8,0.5,16,61
8/11/2016,30,15,27,10,0.5,16,59
8/12/2016,27,13,25,9,0.6,15,54
8/13/2016,35,16,30,9,0.6,14,70
8/14/2016,65,22,36,10,0.7,16,117
8/15/2016,55,14,29,9,0.7,15,105
8/16/2016,48,18,31,12,0.7,19,96
8/17/2016,44,18,33,11,0.7,20,87
8/18/2016,52,17,36,11,0.7,17,102
8/19/2016,80,20,38,10,0.7,24,135
8/20/2016,96,29,48,11,0.7,28,155
8/21/2016,44,25,37,11,0.7,19,87
8/22/2016,70,22,35,11,0.7,19,124
8/23/2016,84,20,34,11,0.7,20,140
8/24/2016,86,18,35,11,0.7,23,143
8/25/2016,67,24,39,12,0.7,24,120
8/26/2016,57,18,36,10,0.7,16,108
8/27/2016,60,17,43,13,0.7,25,111
8/28/2016,105,22,54,16,0.8,24,165
8/29/2016,90,23,48,14,0.8,32,148
8/30/2016,94,30,64,19,0.9,45,152
8/31/2016,135,38,76,17,0.9,49,198
9/1/2016,140,63,95,16,1,37,204
9/2/2016,163,68,97,16,1.1,42,228
9/3/2016,113,66,82,14,0.9,33,174
9/4/2016,65,32,42,11,0.7,18,117
9/5/2016,67,28,42,13,0.8,28,120
9/6/2016,64,40,63,16,0.8,51,111
9/7/2016,63,35,42,10,0.8,50,98
9/8/2016,116,69,77,14,1,63,177
9/9/2016,116,66,64,13,1,51,177
9/10/2016,80,48,57,12,0.8,31,135
9/11/2016,65,47,57,11,0.8,44,106
9/12/2016,74,35,46,11,0.7,32,128
9/13/2016,74,30,37,11,0.7,29,128
9/14/2016,49,17,25,10,0.7,39,90
9/15/2016,33,7,10,10,0.6,21,66
9/16/2016,23,8,16,10,0.6,18,40
9/17/2016,38,13,23,11,0.6,20,75
9/18/2016,53,31,55,12,0.7,18,98
9/19/2016,47,16,40,12,0.7,20,94
9/20/2016,49,17,41,12,0.6,29,98
9/21/2016,48,15,29,12,0.6,38,94
9/22/2016,52,16,28,13,0.6,39,102
9/23/2016,60,27,37,14,0.6,48,100
9/24/2016,87,32,44,12,0.6,32,144
9/25/2016,85,34,46,11,0.6,33,142
9/26/2016,41,26,38,11,0.6,30,82
9/27/2016,32,18,32,12,0.5,23,36
9/28/2016,37,13,24,10,0.5,20,74
9/29/2016,38,12,23,9,0.6,25,76
9/30/2016,75,37,50,10,0.9,60,58
10/1/2016,70,51,76,13,1,43,94
10/2/2016,45,22,32,13,0.6,23,90
10/3/2016,47,26,27,11,0.9,28,93
10/4/2016,39,17,31,10,0.6,24,77
10/5/2016,51,35,51,12,0.7,27,89
10/6/2016,72,24,44,10,0.6,20,126
10/7/2016,58,24,49,11,0.7,46,82
10/8/2016,55,16,33,11,0.5,21,105
10/9/2016,43,10,37,11,0.4,19,85
10/10/2016,48,10,32,11,0.4,24,96
10/11/2016,53,12,29,12,0.5,29,103
10/12/2016,70,29,50,14,0.6,28,123
10/13/2016,46,20,42,12,0.5,35,92
10/14/2016,50,26,46,13,0.6,40,92
10/15/2016,45,16,41,13,0.5,36,88
10/16/2016,68,45,63,17,0.9,54,99
10/17/2016,48,33,37,17,0.7,32,94
10/18/2016,55,18,31,12,0.6,33,105
10/19/2016,54,28,53,13,0.7,43,87
10/20/2016,53,23,31,12,0.6,42,73
10/21/2016,38,8,12,10,0.5,25,75
10/22/2016,29,5,9,9,0.5,21,57
10/23/2016,48,20,38,10,0.6,21,95
10/24/2016,47,20,38,12,0.6,37,92
10/25/2016,62,33,48,15,1,49,42
10/26/2016,70,24,21,11,0.9,56,78
10/27/2016,54,15,23,10,0.6,43,80
10/28/2016,47,23,30,11,0.7,37,65
10/29/2016,37,15,37,10,0.5,24,69
10/30/2016,39,13,38,10,0.5,30,78
10/31/2016,49,16,31,11,0.6,39,65
11/1/2016,42,14,28,10,0.4,23,84
11/2/2016,78,28,53,13,0.6,62,83
11/3/2016,104,63,96,19,1.1,87,96
11/4/2016,101,67,87,16,0.9,81,132
11/5/2016,101,70,95,16,0.9,82,126
11/6/2016,89,64,68,17,0.9,71,94
11/7/2016,65,35,41,14,0.6,52,71
11/8/2016,41,15,30,10,0.6,22,81
11/9/2016,37,14,32,10,0.5,27,73
11/10/2016,75,35,54,15,0.8,60,47
11/11/2016,83,49,82,19,0.9,66,68
11/12/2016,69,36,71,14,0.7,55,100
11/13/2016,85,52,68,12,0.9,68,32
11/14/2016,113,85,102,19,1.2,70,79
11/15/2016,60,43,69,14,0.8,33,90
11/16/2016,69,14,37,13,0.6,55,67
11/17/2016,73,17,23,12,0.6,58,49
11/18/2016,88,65,85,14,1,65,89
11/19/2016,144,110,130,23,1.7,96,21
11/20/2016,58,41,32,12,1,34,64
11/21/2016,68,29,45,13,0.9,54,50
11/22/2016,38,9,16,10,0.6,23,75
11/23/2016,47,18,21,12,0.6,37,53
11/24/2016,67,48,53,20,1,52,58
11/25/2016,82,42,53,17,0.8,65,37
11/26/2016,73,32,33,14,1.1,58,42
11/27/2016,128,97,126,40,1.6,80,64
11/28/2016,80,59,108,22,1,59,81
11/29/2016,83,20,44,14,0.7,66,51
11/30/2016,104,50,83,18,1,87,26
12/1/2016,128,97,131,27,1.3,69,93
12/2/2016,73,27,48,14,0.8,58,79
12/3/2016,75,24,44,14,0.7,60,85
12/4/2016,106,79,119,23,1.3,92,62
12/5/2016,159,121,159,25,1.5,94,72
12/6/2016,64,35,62,16,0.8,51,66
12/7/2016,128,97,129,26,1.3,99,56
12/8/2016,169,128,156,24,1.4,115,120
12/9/2016,115,87,96,22,1.1,67,95
12/10/2016,45,16,30,14,0.6,36,70
12/11/2016,44,14,30,14,0.6,35,71
12/12/2016,87,30,58,15,1,69,39
12/13/2016,64,33,52,13,0.8,51,60
12/14/2016,38,19,38,13,0.5,28,65
12/15/2016,84,62,79,27,1.1,59,62
12/16/2016,185,139,150,38,1.7,88,75
12/17/2016,142,108,136,23,1.3,81,80
12/18/2016,101,41,83,16,1.3,81,55
12/19/2016,107,62,93,21,1.4,94,30
12/20/2016,69,42,46,14,0.8,55,71
12/21/2016,70,31,37,13,0.9,56,36
12/22/2016,118,89,113,16,1.5,57,57
12/23/2016,175,132,126,26,1.8,63,62
12/24/2016,52,22,30,14,0.7,41,62
12/25/2016,65,17,23,13,0.7,52,51
12/26/2016,69,17,20,11,1,55,54
12/27/2016,42,28,42,13,0.8,30,66
12/28/2016,65,35,50,17,0.9,52,43
12/29/2016,84,62,79,19,1,49,74
12/30/2016,97,50,69,17,1,77,42
12/31/2016,104,45,66,22,1.2,88,32
1/1/2017,82,34,48,19,1,65,66
1/2/2017,92,68,75,22,1.2,65,48
1/3/2017,127,96,95,18,1.2,74,73
1/4/2017,90,52,56,21,1,72,73
1/5/2017,55,26,24,13,0.9,44,85
1/6/2017,63,21,27,13,0.7,52,54
1/7/2017,58,16,15,13,0.9,48,68
1/8/2017,104,77,73,16,1.8,54,12
1/9/2017,85,64,70,22,1.3,44,71
1/10/2017,107,80,82,19,1.3,54,77
1/11/2017,50,30,40,15,0.8,41,77
1/12/2017,92,56,62,17,1.1,74,38
1/13/2017,130,99,111,31,1.4,69,65
1/14/2017,38,22,33,15,0.7,30,77
1/15/2017,34,12,24,13,0.6,27,69
1/16/2017,51,17,27,14,0.7,42,71
1/17/2017,91,40,52,18,0.9,72,50
1/18/2017,66,35,40,16,0.8,52,66
1/19/2017,103,79,89,21,1.1,63,71
1/20/2017,93,67,98,19,1,33,79
1/21/2017,70,36,46,16,0.9,58,76
1/22/2017,65,44,65,21,1,52,72
1/23/2017,43,22,36,17,0.8,35,86
1/24/2017,51,29,40,18,0.8,41,95
1/25/2017,73,55,61,18,0.9,42,103
1/26/2017,72,53,52,17,0.9,46,115
1/27/2017,64,42,75,13,0.8,29,82
1/28/2017,61,27,72,12,0.6,25,106
1/29/2017,80,57,63,14,1.1,32,93
1/30/2017,42,22,39,10,0.6,13,82
1/31/2017,41,11,19,9,0.5,16,83
2/1/2017,45,31,37,12,0.7,20,90
2/2/2017,43,21,30,11,0.6,23,86
2/3/2017,55,16,24,12,0.7,45,52
2/4/2017,78,55,52,12,1.2,64,19
2/5/2017,148,116,115,14,1.5,57,58
2/6/2017,91,66,65,12,0.9,31,97
2/7/2017,45,13,25,10,0.5,27,90
2/8/2017,38,15,17,9,0.6,28,77
2/9/2017,96,72,72,17,1.1,35,91
2/10/2017,57,40,59,20,0.9,42,88
2/11/2017,70,43,60,21,1,59,88
2/12/2017,98,63,67,20,1.2,79,101
2/13/2017,90,59,57,17,0.9,74,112
2/14/2017,102,68,65,20,1.1,86,131
2/15/2017,90,66,60,18,0.8,55,145
2/16/2017,72,39,50,13,0.8,59,90
2/17/2017,70,50,72,14,0.8,46,75
2/18/2017,50,15,36,13,0.5,41,73
2/19/2017,65,37,65,13,0.7,37,119
2/20/2017,66,42,80,11,0.7,32,85
2/21/2017,46,21,46,9,0.6,25,89
2/22/2017,70,55,58,9,1,45,68
2/23/2017,104,76,73,14,1,37,94
2/24/2017,60,43,50,14,0.8,45,108
2/25/2017,106,81,79,18,1.1,75,121
2/26/2017,154,120,108,19,1.1,82,141
2/27/2017,76,44,41,14,0.8,61,113
2/28/2017,65,40,45,13,0.7,52,116
3/1/2017,73,52,85,15,0.8,58,99
3/2/2017,62,45,61,14,0.8,45,94
3/3/2017,68,49,66,16,0.8,53,122
3/4/2017,98,58,79,18,0.9,80,125
3/5/2017,102,66,66,14,0.9,83,52
3/6/2017,50,27,42,9,0.6,30,101
3/7/2017,65,36,60,12,0.7,51,111
3/8/2017,65,43,66,14,0.8,53,104
3/9/2017,102,78,93,19,1,82,120
3/10/2017,86,63,74,16,0.8,61,99
3/11/2017,90,53,60,13,0.7,43,148
3/12/2017,52,26,26,8,0.7,40,103
3/13/2017,54,27,39,8,0.7,28,105
3/14/2017,55,27,46,10,0.7,34,107
3/15/2017,68,30,46,14,0.7,54,115
3/16/2017,51,25,38,11,0.6,41,96
3/17/2017,65,34,41,11,0.6,51,107
3/18/2017,51,30,37,11,0.6,41,101
3/19/2017,57,38,40,11,0.7,46,103
3/20/2017,72,41,32,8,0.9,57,97
3/21/2017,86,63,71,12,0.8,37,140
3/22/2017,47,17,26,9,0.6,38,90
3/23/2017,48,20,28,8,0.6,40,91
3/24/2017,57,39,48,10,0.7,47,107
3/25/2017,102,78,90,15,1.1,64,98
3/26/2017,102,76,114,18,1,68,119
3/27/2017,87,65,90,20,1,64,127
3/28/2017,77,37,78,13,0.7,44,133
3/29/2017,80,59,79,11,0.9,46,112
3/30/2017,57,41,43,8,0.7,40,99
3/31/2017,63,36,45,9,0.7,32,116
4/1/2017,98,66,88,17,1,79,136
4/2/2017,109,83,91,17,1,61,141
4/3/2017,103,64,71,13,0.8,42,164
4/4/2017,93,47,58,10,0.7,27,152
4/5/2017,77,41,66,11,0.9,64,95
4/6/2017,95,68,68,13,1,75,57
4/7/2017,80,41,37,8,0.9,64,50
4/8/2017,73,60,57,10,0.8,58,96
4/9/2017,64,31,37,8,0.7,32,117
4/10/2017,53,25,29,7,0.7,43,81
4/11/2017,75,57,63,9,1.1,61,101
4/12/2017,77,44,92,11,0.9,64,109
4/13/2017,75,20,73,10,0.6,53,131
4/14/2017,111,31,70,13,0.8,50,173
4/15/2017,123,43,80,15,0.9,58,186
4/16/2017,81,46,62,11,0.9,65,71
4/17/2017,90,53,68,12,1.1,57,148
4/18/2017,87,43,123,16,0.9,54,145
4/19/2017,85,36,108,12,0.8,41,142
4/20/2017,85,49,77,10,0.9,38,142
4/21/2017,70,51,76,16,1,47,111
4/22/2017,86,32,60,10,0.7,29,144
4/23/2017,110,37,75,10,0.7,33,172
4/24/2017,121,41,85,11,0.7,36,184
4/25/2017,74,39,63,10,0.7,43,129
4/26/2017,68,23,33,7,0.6,25,122
4/27/2017,75,25,48,12,0.7,50,131
4/28/2017,120,47,78,17,0.8,70,182
4/29/2017,125,56,89,19,0.9,62,188
4/30/2017,139,41,76,16,0.7,42,203
5/1/2017,75,28,51,11,0.6,33,130
5/2/2017,52,16,26,7,0.5,22,103
5/3/2017,53,16,32,8,0.5,22,104
5/4/2017,42,26,33,7,0.7,34,84
5/5/2017,66,48,53,8,0.9,47,61
5/6/2017,129,0,0,10,0.7,44,115
5/7/2017,148,0,0,10,0.6,42,155
5/8/2017,71,28,92,8,0.5,32,98
5/9/2017,67,48,64,9,0.9,49,121
5/10/2017,144,59,94,15,1,67,209
5/11/2017,161,48,86,14,0.9,55,226
5/12/2017,69,32,38,8,0.8,48,123
5/13/2017,121,49,63,12,0.9,54,184
5/14/2017,105,55,72,13,0.8,41,166
5/15/2017,64,21,58,12,0.6,36,117
5/16/2017,61,15,39,13,0.5,42,114
5/17/2017,78,20,50,10,0.6,37,134
5/18/2017,97,22,49,10,0.6,29,157
5/19/2017,100,27,49,10,0.7,22,160
5/20/2017,72,22,42,9,0.6,19,127
5/21/2017,68,17,36,8,0.6,18,122
5/22/2017,55,14,34,8,0.6,17,107
5/23/2017,45,24,32,8,0.7,35,57
5/24/2017,52,16,22,8,0.7,23,103
5/25/2017,94,38,59,16,0.9,60,153
5/26/2017,83,40,56,12,0.6,43,140
5/27/2017,113,25,56,15,0.5,42,175
5/28/2017,133,29,61,15,0.6,37,197
5/29/2017,92,19,39,11,0.5,23,151
5/30/2017,96,26,46,12,0.5,22,156
5/31/2017,120,52,80,14,0.8,50,182
6/1/2017,136,83,100,16,1,61,200
6/2/2017,90,44,49,11,0.6,31,148
6/3/2017,86,15,36,11,0.4,27,144
6/4/2017,77,14,31,10,0.5,19,133
6/5/2017,60,17,29,9,0.5,23,112
6/6/2017,54,30,41,8,0.7,31,105
6/7/2017,155,59,63,13,0.9,39,220
6/8/2017,160,79,66,12,0.9,37,225
6/9/2017,149,67,72,12,1,40,214
6/10/2017,48,27,25,8,0.7,38,76
6/11/2017,75,13,18,8,0.5,18,131
6/12/2017,63,12,16,7,0.5,25,116
6/13/2017,52,17,21,7,0.6,35,103
6/14/2017,60,21,33,8,0.5,31,113
6/15/2017,80,32,46,9,0.6,41,137
6/16/2017,88,34,44,9,0.5,27,146
6/17/2017,108,31,42,11,0.5,28,169
6/18/2017,73,27,41,10,0.5,18,128
6/19/2017,46,17,25,7,0.6,27,93
6/20/2017,48,26,25,8,0.6,34,97
6/21/2017,50,33,35,8,0.7,33,81
6/22/2017,55,12,14,6,0.5,25,107
6/23/2017,75,55,47,7,0.8,49,64
6/24/2017,60,34,30,7,0.8,49,80
6/25/2017,66,49,46,8,0.9,48,50
6/26/2017,119,93,82,11,1.1,50,133
6/27/2017,123,96,75,10,1.1,49,167
6/28/2017,87,50,43,8,0.9,34,145
6/29/2017,51,33,31,7,0.8,37,102
6/30/2017,100,34,44,8,0.8,43,161
7/1/2017,104,45,54,8,0.8,39,165
7/2/2017,62,22,39,7,0.6,23,115
7/3/2017,101,26,39,8,0.6,26,162
7/4/2017,70,21,35,9,0.6,25,125
7/5/2017,108,29,48,9,0.8,41,169
7/6/2017,125,28,47,9,0.7,33,188
7/7/2017,110,29,55,9,0.7,30,171
7/8/2017,98,29,51,9,0.7,31,158
7/9/2017,68,21,43,10,0.6,26,122
7/10/2017,50,20,41,8,0.6,31,101
7/11/2017,119,26,44,9,0.6,30,181
7/12/2017,159,38,62,10,0.7,36,224
7/13/2017,176,44,72,12,0.8,39,241
7/14/2017,156,45,74,10,0.8,44,221
7/15/2017,141,35,58,9,0.7,22,206
7/16/2017,139,22,47,9,0.6,18,203
7/17/2017,75,15,41,9,0.5,18,131
7/18/2017,149,44,81,11,0.8,58,214
7/19/2017,148,42,70,13,0.7,39,213
7/20/2017,166,38,65,14,0.7,33,231
7/21/2017,200,43,76,15,0.8,38,268
7/22/2017,164,50,80,16,0.8,37,229
7/23/2017,201,42,69,15,0.8,40,273
7/24/2017,205,45,76,16,0.9,42,295
7/25/2017,165,55,86,15,0.9,35,230
7/26/2017,122,56,62,8,0.9,23,185
7/27/2017,98,46,61,11,0.8,23,158
7/28/2017,48,18,32,8,0.6,17,96
7/29/2017,35,19,31,8,0.6,14,71
7/30/2017,33,17,32,7,0.6,12,62
7/31/2017,40,17,39,6,0.6,10,81
8/1/2017,47,20,46,6,0.6,12,92
8/2/2017,54,20,40,7,0.6,13,105
8/3/2017,140,27,47,8,0.7,17,204
8/4/2017,146,41,60,8,0.8,33,211
8/5/2017,83,65,74,7,1.2,66,109
8/6/2017,172,84,80,10,1.3,48,237
8/7/2017,193,79,95,10,1.1,39,258
8/8/2017,58,35,47,9,1,46,103
8/9/2017,47,18,26,7,0.8,38,86
8/10/2017,173,42,56,10,1,38,238
8/11/2017,189,64,83,10,1,51,254
8/12/2017,94,44,53,8,0.7,28,153
8/13/2017,75,32,45,8,0.7,30,131
8/14/2017,70,17,31,8,0.8,36,124
8/15/2017,138,57,70,9,1.1,40,202
8/16/2017,95,33,41,9,0.8,38,154
8/17/2017,115,26,43,10,0.8,49,177
8/18/2017,143,22,37,8,0.7,35,208
8/19/2017,143,35,55,9,0.7,29,208
8/20/2017,46,15,28,6,0.7,37,80
8/21/2017,73,30,42,9,0.8,40,128
8/22/2017,25,10,25,6,0.6,17,50
8/23/2017,35,9,29,6,0.5,15,71
8/24/2017,120,22,42,8,0.7,27,183
8/25/2017,95,30,47,9,0.9,44,154
8/26/2017,70,14,29,8,0.7,20,124
8/27/2017,60,13,31,9,0.6,21,112
8/28/2017,127,19,41,9,0.6,28,190
8/29/2017,52,18,37,10,0.6,25,103
8/30/2017,48,9,32,8,0.5,20,97
8/31/2017,76,16,35,8,0.6,20,132
9/1/2017,85,20,42,8,0.7,20,143
9/2/2017,82,20,41,9,0.7,20,139
9/3/2017,59,12,31,10,0.6,20,111
9/4/2017,55,10,32,8,0.6,20,106
9/5/2017,104,24,56,10,0.7,34,165
9/6/2017,78,58,76,13,1.1,48,110
9/7/2017,48,22,25,7,0.8,40,76
9/8/2017,68,17,28,8,0.7,32,122
9/9/2017,57,27,38,9,0.8,27,109
9/10/2017,80,28,43,9,0.7,27,137
9/11/2017,48,25,30,7,1,39,75
9/12/2017,83,24,40,8,0.8,25,140
9/13/2017,88,33,48,8,0.8,20,146
9/14/2017,86,16,42,8,0.6,16,144
9/15/2017,44,15,37,6,0.6,18,89
9/16/2017,70,15,38,8,0.6,17,125
9/17/2017,76,19,44,9,0.7,32,132
9/18/2017,168,56,91,13,1,55,233
9/19/2017,141,69,88,11,1,49,206
9/20/2017,53,25,25,7,0.7,36,104
9/21/2017,50,16,24,8,0.7,40,100
9/22/2017,83,26,48,11,0.8,67,65
9/23/2017,62,28,34,10,0.7,49,98
9/24/2017,46,12,12,7,0.7,36,78
9/25/2017,56,11,13,7,0.8,45,46
9/26/2017,95,55,69,10,1.2,59,154
9/27/2017,67,48,49,9,1,35,108
9/28/2017,60,16,45,10,0.7,50,81
9/29/2017,68,18,45,10,0.7,55,122
9/30/2017,48,14,27,8,0.6,38,85
10/1/2017,70,23,46,8,0.7,28,124
10/2/2017,43,26,37,8,0.9,34,77
10/3/2017,50,11,50,7,0.6,17,92
10/4/2017,48,9,34,7,0.5,17,96
10/5/2017,42,16,33,8,0.6,34,83
10/6/2017,71,54,66,16,1.3,52,104
10/7/2017,86,47,54,11,0.9,46,144
10/8/2017,58,22,28,10,0.7,34,110
10/9/2017,43,23,37,9,0.7,35,72
10/10/2017,42,18,40,7,0.6,26,84
10/11/2017,36,15,21,6,0.8,26,73
10/12/2017,45,13,29,7,0.6,28,91
10/13/2017,45,9,30,7,0.5,22,91
10/14/2017,60,13,37,8,0.6,20,113
10/15/2017,50,7,13,7,0.6,16,101
10/16/2017,43,8,15,7,0.6,17,87
10/17/2017,47,16,40,8,0.6,28,94
10/18/2017,46,22,45,9,0.7,33,91
10/19/2017,46,25,40,11,0.8,37,81
10/20/2017,59,18,34,9,0.6,30,111
10/21/2017,88,30,48,10,0.9,27,146
10/22/2017,80,62,78,10,1.1,29,130
10/23/2017,58,31,65,12,0.8,41,83
10/24/2017,56,22,50,11,0.7,42,108
10/25/2017,70,26,46,9,0.8,57,123
10/26/2017,72,27,40,12,0.7,58,104
10/27/2017,71,30,43,11,0.7,57,126
10/28/2017,83,32,51,10,0.8,32,140
10/29/2017,68,49,76,9,0.9,30,99
10/30/2017,43,16,43,9,0.7,29,81
10/31/2017,71,19,44,9,0.7,57,87
11/1/2017,70,25,51,11,0.8,57,109
11/2/2017,98,49,75,13,0.9,80,113
11/3/2017,125,92,120,19,1.3,75,141
11/4/2017,40,11,33,8,0.6,20,81
11/5/2017,56,16,38,9,0.6,47,77
11/6/2017,82,34,62,11,0.8,67,83
11/7/2017,127,98,133,17,1.5,118,39
11/8/2017,130,98,141,23,1.5,74,134
11/9/2017,66,16,44,10,0.6,53,81
11/10/2017,76,43,80,13,0.9,59,62
11/11/2017,49,16,49,10,0.6,35,84
11/12/2017,58,17,55,11,0.6,49,77
11/13/2017,70,27,52,10,0.7,57,70
11/14/2017,80,44,53,11,0.8,65,63
11/15/2017,75,30,69,12,0.8,62,92
11/16/2017,58,23,30,9,0.7,46,71
11/17/2017,42,10,14,8,0.7,32,84
11/18/2017,40,15,36,7,0.6,19,81
11/19/2017,44,26,43,10,0.7,33,72
11/20/2017,48,18,27,9,0.7,40,76
11/21/2017,95,49,54,11,1,75,32
11/22/2017,88,65,66,13,1,53,86
11/23/2017,85,38,96,16,0.9,71,70
11/24/2017,113,68,119,23,1.3,107,49
11/25/2017,104,56,88,18,0.9,87,83
11/26/2017,92,68,101,19,1.1,73,75
11/27/2017,62,32,67,13,0.7,49,105
11/28/2017,103,60,81,13,1,88,70
11/29/2017,111,82,104,11,1.1,52,68
11/30/2017,38,18,47,8,0.5,29,77
12/1/2017,56,36,72,12,0.6,33,0
12/2/2017,69,30,50,12,0.9,73,0
12/3/2017,105,44,59,16,1.2,80,0
12/4/2017,160,84,87,13,1.2,50,0
12/5/2017,82,37,60,18,1,56,0
12/6/2017,109,55,79,19,1.5,93,0
12/7/2017,121,92,107,20,1.5,105,0
12/8/2017,89,30,51,14,1,51,0
12/9/2017,101,49,73,20,1.2,83,0
12/10/2017,103,76,113,23,1,84,0
12/11/2017,109,72,96,19,1.4,92,0
12/12/2017,103,20,36,10,1,44,0
12/13/2017,48,20,37,10,0.6,38,84
12/14/2017,49,20,34,8,0.6,39,62
12/15/2017,58,20,28,8,0.7,46,53
12/16/2017,82,60,66,11,1,42,62
12/17/2017,75,45,69,17,1,61,62
12/18/2017,104,49,79,20,1.2,87,50
12/19/2017,85,43,72,18,1.2,67,67
12/20/2017,102,49,85,19,1,90,44
12/21/2017,108,74,102,20,1.4,95,47
12/22/2017,107,69,87,17,1.2,95,70
12/23/2017,78,54,53,13,0.9,63,80
12/24/2017,166,126,165,27,1.5,89,75
12/25/2017,83,48,104,16,1,66,76
12/26/2017,100,39,67,16,0.9,80,62
12/27/2017,79,37,64,13,0.9,63,86
12/28/2017,70,19,27,9,0.7,56,61
12/29/2017,84,33,42,12,0.7,67,57
12/30/2017,98,73,75,12,1,66,50
12/31/2017,225,175,194,16,1.9,72,71
1/1/2018,123,93,95,13,1.1,63,72
1/2/2018,54,27,38,10,0.7,43,62
1/3/2018,38,21,31,7,0.6,26,76
1/4/2018,34,8,8,6,0.5,27,56
1/5/2018,48,26,30,8,0.8,38,54
1/6/2018,79,58,60,11,1,54,49
1/7/2018,60,21,17,8,1,48,44
1/8/2018,124,94,87,12,1.3,47,65
1/9/2018,57,28,56,13,0.8,45,62
1/10/2018,67,34,73,16,0.8,53,55
1/11/2018,70,45,74,21,0.9,56,54
1/12/2018,68,33,55,18,0.9,54,43
1/13/2018,102,52,71,19,1.1,83,33
1/14/2018,77,31,43,13,0.7,61,60
1/15/2018,90,37,45,15,0.9,72,47
1/16/2018,94,70,69,11,0.9,70,25
1/17/2018,133,101,88,11,1.2,62,39
1/18/2018,104,78,66,10,0.8,56,64
1/19/2018,160,122,127,14,1.1,74,55
1/20/2018,112,84,99,14,1,71,57
1/21/2018,68,37,47,12,0.7,54,75
1/22/2018,80,49,55,10,0.9,64,57
1/23/2018,110,83,82,9,0.9,36,61
1/24/2018,36,20,31,8,0.5,23,72
1/25/2018,39,11,12,6,0.5,31,58
1/26/2018,32,14,22,7,0.4,22,64
1/27/2018,48,16,22,7,0.5,38,51
1/28/2018,39,22,23,7,0.5,31,57
1/29/2018,128,97,97,20,1.1,48,72
1/30/2018,241,191,185,28,1.8,97,78
1/31/2018,224,174,168,25,1.7,108,59
2/1/2018,163,124,119,24,1.5,87,75
2/2/2018,135,103,111,24,1.2,83,81
2/3/2018,43,30,39,10,0.6,29,68
2/4/2018,52,36,48,15,0.7,39,71
2/5/2018,87,57,78,20,0.9,69,67
2/6/2018,59,30,42,13,0.7,47,64
2/7/2018,77,25,41,12,0.6,61,69
2/8/2018,112,84,94,17,1.1,61,60
2/9/2018,83,61,61,13,0.9,64,69
2/10/2018,88,65,89,12,0.9,46,68
2/11/2018,95,43,140,14,0.8,44,81
2/12/2018,87,33,124,15,0.7,37,77
2/13/2018,60,32,61,13,0.7,48,105
2/14/2018,69,38,74,13,0.8,55,105
2/15/2018,52,33,53,10,0.6,29,81
2/16/2018,36,19,27,8,0.5,27,72
2/17/2018,60,36,47,11,0.6,28,111
2/18/2018,41,15,29,9,0.4,25,82
2/19/2018,46,22,24,8,0.5,24,91
2/20/2018,59,42,48,9,0.6,23,89
2/21/2018,49,34,46,9,0.6,24,89
2/22/2018,65,47,57,11,0.8,39,78
2/23/2018,68,49,46,10,0.7,34,101
2/24/2018,52,36,36,10,0.6,34,90
2/25/2018,46,32,40,9,0.6,29,90
2/26/2018,54,38,44,11,0.6,43,92
2/27/2018,67,37,44,11,0.5,28,120
2/28/2018,49,32,31,8,0.6,39,73
3/1/2018,89,66,67,11,0.8,44,101
3/2/2018,41,20,36,8,0.4,28,82
3/3/2018,47,28,25,8,0.6,37,71
3/4/2018,57,30,29,10,0.6,30,108
3/5/2018,44,17,35,8,0.4,22,87
3/6/2018,47,18,38,7,0.4,21,94
3/7/2018,43,20,27,8,0.4,34,72
3/8/2018,64,46,58,8,0.6,27,84
3/9/2018,55,38,49,11,0.6,44,74
3/10/2018,88,65,67,13,0.7,55,135
3/11/2018,82,60,56,11,0.6,53,122
3/12/2018,58,23,37,14,0.5,41,109
3/13/2018,57,22,37,14,0.5,38,108
3/14/2018,38,18,33,14,0.5,29,76
3/15/2018,77,40,43,12,0.7,61,42
3/16/2018,44,22,43,8,0.4,23,87
3/17/2018,46,17,37,7,0.4,25,92
3/18/2018,64,27,47,10,0.6,51,77
3/19/2018,43,27,30,8,0.5,34,72
3/20/2018,64,46,38,9,0.8,48,60
3/21/2018,60,29,29,8,0.7,48,48
3/22/2018,104,78,78,14,0.9,67,92
3/23/2018,117,88,87,14,0.8,61,127
3/24/2018,79,58,77,15,0.7,62,116
3/25/2018,92,68,79,14,0.6,47,142
3/26/2018,80,59,65,16,0.6,50,119
3/27/2018,78,57,57,14,0.6,48,124
3/28/2018,82,43,55,12,0.6,47,138
3/29/2018,54,24,44,9,0.5,43,80
3/30/2018,53,24,33,8,0.5,42,47
3/31/2018,63,30,51,9,0.5,34,115
4/1/2018,83,39,89,14,0.5,35,139
4/2/2018,78,42,106,15,0.6,55,63
4/3/2018,66,30,81,13,0.5,30,102
4/4/2018,47,29,47,8,0.5,31,76
4/5/2018,42,25,29,7,0.5,33,69
4/6/2018,0,0,0,10,0.8,32,92
4/7/2018,63,23,76,11,0.5,35,100
4/8/2018,75,33,86,13,0.6,53,130
4/9/2018,80,37,89,14,0.6,56,135
4/10/2018,83,25,59,12,0.6,39,139
4/11/2018,98,52,145,17,0.8,63,135
4/12/2018,58,24,66,13,0.5,40,87
4/13/2018,48,19,47,10,0.5,35,96
4/14/2018,53,31,32,7,0.6,42,69
4/15/2018,83,53,102,12,0.7,43,139
4/16/2018,101,21,152,11,0.5,51,80
4/17/2018,69,33,64,13,0.5,55,105
4/18/2018,97,41,68,12,0.5,48,156
4/19/2018,92,35,70,11,0.5,44,150
4/20/2018,63,24,64,9,0.4,25,115
4/21/2018,56,26,62,11,0.5,25,98
4/22/2018,68,28,51,12,0.6,36,121
4/23/2018,52,36,37,9,0.6,39,78
4/24/2018,48,22,28,7,0.5,31,96
4/25/2018,84,47,54,12,0.7,52,140
4/26/2018,74,28,43,14,0.5,59,87
4/27/2018,146,75,90,17,0.8,60,210
4/28/2018,132,100,117,16,0.8,59,194
4/29/2018,160,79,81,15,0.7,43,225
4/30/2018,143,74,77,13,0.9,49,207
5/1/2018,76,45,48,10,0.8,53,131
5/2/2018,73,53,52,8,0.8,38,127
5/3/2018,105,31,49,10,0.5,43,165
5/4/2018,125,40,64,14,0.5,44,187
5/5/2018,63,24,39,9,0.4,35,115
5/6/2018,58,41,51,11,0.6,40,106
5/7/2018,43,29,33,8,0.6,31,85
5/8/2018,70,32,48,10,0.6,38,123
5/9/2018,73,30,54,9,0.5,33,127
5/10/2018,81,21,44,7,0.4,24,137
5/11/2018,80,20,48,9,0.4,25,135
5/12/2018,94,70,87,14,0.8,65,137
5/13/2018,95,71,52,10,0.9,41,137
5/14/2018,110,52,52,10,0.7,30,170
5/15/2018,116,47,60,14,0.6,28,177
5/16/2018,130,39,60,15,0.6,33,193
5/17/2018,107,35,57,13,0.6,41,167
5/18/2018,90,46,52,10,0.7,43,147
5/19/2018,44,27,23,6,0.5,27,88
5/20/2018,43,12,26,6,0.4,21,86
5/21/2018,39,19,34,7,0.4,26,77
5/22/2018,38,23,37,7,0.6,28,76
5/23/2018,88,32,106,11,0.6,32,145
5/24/2018,81,31,111,10,0.4,35,119
5/25/2018,45,23,43,7,0.5,36,89
5/26/2018,43,29,29,9,0.6,30,85
5/27/2018,49,34,41,9,0.5,38,76
5/28/2018,98,73,73,13,0.8,43,153
5/29/2018,132,100,88,17,0.8,62,113
5/30/2018,107,80,62,13,0.8,53,71
5/31/2018,79,48,47,10,0.6,54,134
6/1/2018,89,37,39,11,0.5,39,146
6/2/2018,89,32,38,11,0.5,30,146
6/3/2018,73,33,37,9,0.5,24,127
6/4/2018,73,35,47,10,0.5,35,127
6/5/2018,121,79,71,11,0.8,58,183
6/6/2018,134,51,45,11,0.6,28,197
6/7/2018,76,26,31,8,0.5,23,131
6/8/2018,53,23,29,10,0.5,30,103
6/9/2018,50,23,31,8,0.4,23,99
6/10/2018,67,40,47,9,0.6,34,120
6/11/2018,146,57,60,10,0.8,39,210
6/12/2018,184,61,67,14,0.8,40,249
6/13/2018,150,47,61,14,0.7,29,215
6/14/2018,76,28,34,8,0.5,19,131
6/15/2018,72,18,28,9,0.4,21,126
6/16/2018,51,22,39,8,0.4,16,101
6/17/2018,59,22,39,8,0.4,16,110
6/18/2018,62,19,31,7,0.4,14,114
6/19/2018,40,23,25,8,0.5,25,79
6/20/2018,45,13,14,7,0.4,27,90
6/21/2018,58,19,23,8,0.4,26,109
6/22/2018,42,23,27,7,0.4,26,84
6/23/2018,67,12,17,7,0.4,22,120
6/24/2018,54,19,23,6,0.4,20,104
6/25/2018,111,36,39,9,0.6,28,172
6/26/2018,121,39,53,12,0.6,33,183
6/27/2018,81,31,47,10,0.6,34,137
6/28/2018,60,29,44,10,0.6,41,112
6/29/2018,65,30,31,9,0.7,36,118
6/30/2018,38,18,24,9,0.5,30,59
7/1/2018,32,14,21,8,0.5,25,61
7/2/2018,27,14,27,7,0.4,18,50
7/3/2018,35,16,28,9,0.4,28,48
7/4/2018,67,36,40,11,0.5,34,120
7/5/2018,39,25,25,7,0.5,31,49
7/6/2018,34,14,20,8,0.5,27,55
7/7/2018,28,13,23,7,0.4,20,55
7/8/2018,79,25,42,8,0.4,22,134
7/9/2018,50,14,29,8,0.4,18,99
7/10/2018,27,10,27,7,0.3,13,49
7/11/2018,36,12,36,6,0.4,12,34
7/12/2018,34,9,27,5,0.4,12,67
7/13/2018,40,9,25,6,0.4,14,79
7/14/2018,46,9,25,7,0.4,15,92
7/15/2018,44,9,24,7,0.4,14,87
7/16/2018,37,8,21,6,0.3,13,73
7/17/2018,28,8,22,6,0.4,15,55
7/18/2018,33,8,22,6,0.3,13,65
7/19/2018,30,8,20,6,0.3,13,59
7/20/2018,38,23,38,9,0.3,16,70
7/21/2018,34,20,34,8,0.4,13,51
7/22/2018,20,9,15,5,0.3,10,39
7/23/2018,31,12,26,6,0.4,14,61
7/24/2018,108,26,39,7,0.5,25,168
7/25/2018,122,36,55,8,0.5,26,184
7/26/2018,65,35,53,8,0.7,52,114
7/27/2018,166,41,59,10,0.7,47,231
7/28/2018,124,41,52,11,0.6,29,186
7/29/2018,84,41,51,11,0.6,29,140
7/30/2018,75,32,45,7,0.6,28,130
7/31/2018,45,19,32,9,0.5,26,90
8/1/2018,55,15,25,7,0.4,19,106
8/2/2018,43,18,30,7,0.4,15,85
8/3/2018,35,11,19,4,0.5,17,69
8/4/2018,68,19,34,5,0.5,16,121
8/5/2018,79,18,32,6,0.5,17,134
8/6/2018,80,19,33,6,0.5,20,135
8/7/2018,48,15,25,6,0.4,20,95
8/8/2018,57,20,30,6,0.4,20,108
8/9/2018,69,20,34,7,0.5,21,122
8/10/2018,85,27,40,7,0.5,27,142
8/11/2018,70,22,33,6,0.6,22,123
8/12/2018,30,13,22,5,0.5,19,60
8/13/2018,34,9,24,4,0.4,11,68
8/14/2018,27,9,27,5,0.4,14,34
8/15/2018,28,13,27,7,0.4,16,55
8/16/2018,27,8,18,5,0.4,13,53
8/17/2018,35,8,19,4,0.4,12,70
8/18/2018,29,8,19,5,0.4,13,58
8/19/2018,30,7,21,4,0.4,12,60
8/20/2018,47,10,25,5,0.4,15,94
8/21/2018,44,16,23,6,0.5,35,59
8/22/2018,44,14,26,6,0.5,20,88
8/23/2018,90,23,48,7,0.6,23,148
8/24/2018,125,29,57,12,0.9,34,187
8/25/2018,43,17,26,5,0.5,23,85
8/26/2018,31,13,21,4,0.5,24,61
8/27/2018,36,9,24,4,0.4,16,71
8/28/2018,37,8,22,4,0.4,14,74
8/29/2018,38,9,24,5,0.4,15,75
8/30/2018,48,11,28,5,0.4,16,95
8/31/2018,100,16,35,6,0.5,22,159
9/1/2018,61,33,42,6,0.7,40,113
9/2/2018,81,37,39,6,0.7,36,137
9/3/2018,88,42,44,6,0.8,33,145
9/4/2018,116,42,61,10,1,42,177
9/5/2018,146,36,62,11,0.8,37,210
9/6/2018,140,53,77,10,0.8,30,204
9/7/2018,90,67,61,9,1.2,62,65
9/8/2018,49,15,30,6,0.5,31,98
9/9/2018,61,14,30,6,0.5,29,113
9/10/2018,59,13,28,6,0.5,27,110
9/11/2018,43,11,35,6,0.5,30,86
9/12/2018,38,12,26,6,0.5,30,72
9/13/2018,42,13,27,6,0.6,33,61
9/14/2018,53,12,26,7,0.5,42,76
9/15/2018,48,15,26,8,0.5,27,96
9/16/2018,26,11,25,6,0.5,18,51
9/17/2018,44,8,18,6,0.6,35,33
9/18/2018,47,15,27,8,0.6,37,57
9/19/2018,93,28,42,7,0.7,44,151
9/20/2018,73,29,38,6,0.8,58,61
9/21/2018,58,30,31,6,0.9,46,75
9/22/2018,60,22,33,7,0.7,48,93
9/23/2018,105,49,69,10,0.9,42,165
9/24/2018,100,26,48,8,0.6,20,160
9/25/2018,53,10,28,6,0.4,20,103
9/26/2018,59,10,30,6,0.4,21,110
9/27/2018,53,10,28,6,0.4,23,103
9/28/2018,54,11,29,6,0.5,31,104
9/29/2018,53,11,30,6,0.4,21,103
9/30/2018,130,36,67,10,0.7,32,193
10/1/2018,65,18,53,11,0.6,31,118
10/2/2018,81,23,48,9,0.6,41,137
10/3/2018,79,22,38,7,0.5,37,134
10/4/2018,77,17,35,7,0.4,19,132
10/5/2018,59,16,31,6,0.5,16,110
10/6/2018,69,24,47,8,0.6,29,122
10/7/2018,124,29,61,8,0.6,34,186
10/8/2018,58,16,45,7,0.5,28,109
10/9/2018,72,26,54,7,0.6,57,81
10/10/2018,43,23,43,7,0.6,26,80
10/11/2018,49,16,37,7,0.4,30,97
10/12/2018,53,17,35,7,0.5,42,98
10/13/2018,63,18,32,6,0.4,43,115
10/14/2018,45,13,25,6,0.4,32,89
10/15/2018,56,12,26,7,0.4,32,107
10/16/2018,53,22,29,6,0.5,36,103
10/17/2018,85,42,57,7,0.7,60,142
10/18/2018,48,19,32,6,0.4,30,96
10/19/2018,59,16,37,7,0.5,47,98
10/20/2018,53,12,29,6,0.4,42,90
10/21/2018,52,15,28,7,0.4,41,99
10/22/2018,62,15,17,5,0.5,49,70
10/23/2018,78,57,56,9,0.8,45,114
10/24/2018,82,60,77,9,0.8,60,137
10/25/2018,66,25,58,9,0.5,35,119
10/26/2018,75,55,76,10,0.7,43,123
10/27/2018,72,31,87,13,0.6,57,76
10/28/2018,92,39,78,15,0.7,73,110
10/29/2018,95,53,92,18,0.8,76,107
10/30/2018,55,19,40,8,0.5,41,106
10/31/2018,57,18,33,8,0.5,28,108
11/1/2018,44,11,21,6,0.4,28,87
11/2/2018,54,14,28,6,0.4,43,83
11/3/2018,52,16,28,6,0.5,41,95
11/4/2018,54,22,27,7,0.6,43,104
11/5/2018,47,25,27,7,0.4,30,94
11/6/2018,52,20,26,6,0.5,32,102
11/7/2018,63,35,20,6,0.7,50,48
11/8/2018,45,18,16,5,0.8,36,32
11/9/2018,73,53,46,9,0.8,53,74
11/10/2018,58,41,34,6,0.6,45,99
11/11/2018,69,50,48,7,0.7,50,61
11/12/2018,43,16,22,5,0.5,29,86
11/13/2018,57,24,40,6,0.5,45,90
11/14/2018,70,32,51,6,0.6,56,97
11/15/2018,88,23,37,6,0.6,70,48
11/16/2018,43,21,21,5,0.5,34,77
11/17/2018,42,15,31,5,0.4,25,83
11/18/2018,43,15,16,5,0.5,34,60
11/19/2018,102,76,70,10,1,61,55
11/20/2018,80,52,57,9,0.9,64,84
11/21/2018,50,11,13,5,0.4,40,77
11/22/2018,50,32,48,7,0.6,40,84
11/23/2018,84,39,55,7,0.6,67,84
11/24/2018,79,50,64,8,0.7,63,72
11/25/2018,108,81,73,8,0.9,79,115
11/26/2018,103,54,56,7,0.8,85,83
11/27/2018,103,77,76,8,1.1,82,81
11/28/2018,163,124,110,10,1.4,98,69
11/29/2018,139,106,107,9,1.3,102,117
11/30/2018,88,58,108,7,0.7,70,95
12/1/2018,74,29,66,7,0.5,59,75
12/2/2018,58,28,38,6,0.5,46,51
12/3/2018,78,53,42,6,0.8,62,20
12/4/2018,44,23,26,5,0.6,35,54
12/5/2018,54,14,57,5,0.4,30,63
12/6/2018,37,12,24,5,0.4,29,62
12/7/2018,37,20,30,6,0.5,29,55
12/8/2018,44,25,40,7,0.6,35,47
12/9/2018,57,28,34,6,0.6,45,35
12/10/2018,37,7,14,5,0.4,29,59
12/11/2018,44,16,19,5,0.5,35,60
12/12/2018,95,71,71,11,1.1,50,57
12/13/2018,94,70,78,14,1,71,48
12/14/2018,73,51,67,10,0.8,58,61
12/15/2018,68,13,25,6,0.4,54,44
12/16/2018,94,70,75,9,1,67,51
12/17/2018,135,103,127,13,1.2,88,60
12/18/2018,117,88,131,15,1.4,106,52
12/19/2018,112,54,102,19,1,104,31
12/20/2018,84,26,38,8,0.6,67,60
12/21/2018,95,45,57,7,0.8,76,19
12/22/2018,60,35,26,6,0.7,48,54
12/23/2018,60,43,56,7,0.8,35,87
12/24/2018,52,26,53,7,0.6,39,79
12/25/2018,62,16,34,7,0.4,49,47
12/26/2018,36,12,15,5,0.5,28,72
12/27/2018,36,16,36,6,0.4,21,67
12/28/2018,46,26,46,7,0.5,27,60
12/29/2018,49,31,49,9,0.7,38,54
12/30/2018,52,28,40,8,0.6,41,44
12/31/2018,47,27,29,6,0.5,37,54
1/1/2019,40,28,35,7,0.5,29,68
1/2/2019,87,64,72,13,0.9,45,68
1/3/2019,73,47,53,9,0.7,58,55
1/4/2019,75,18,22,6,0.6,60,47
1/5/2019,64,32,33,6,0.7,51,42
1/6/2019,55,25,33,6,0.5,44,57
1/7/2019,63,27,34,6,0.6,50,48
1/8/2019,75,55,64,9,0.9,42,79
1/9/2019,55,22,28,6,0.6,44,51
1/10/2019,59,16,20,5,0.5,47,38
1/11/2019,70,15,19,6,0.6,56,31
1/12/2019,65,42,54,8,1.2,52,16
1/13/2019,104,78,94,8,1.2,58,41
1/14/2019,94,70,72,8,1,66,77
1/15/2019,135,103,100,9,1.2,50,92
1/16/2019,55,30,59,8,0.6,44,55
1/17/2019,105,79,122,14,1.2,86,41
1/18/2019,109,82,102,11,1,74,83
1/19/2019,103,77,95,11,1.2,79,54
1/20/2019,128,97,60,11,1,51,75
1/21/2019,99,55,81,13,1,79,55
1/22/2019,110,83,105,15,1.2,88,63
1/23/2019,128,97,114,16,1.2,109,78
1/24/2019,127,96,100,14,1.2,90,89
1/25/2019,68,29,42,9,0.6,54,85
1/26/2019,34,14,34,6,0.5,24,66
1/27/2019,57,18,37,7,0.5,45,80
1/28/2019,82,55,53,10,0.9,65,46
1/29/2019,65,40,70,7,0.7,52,64
1/30/2019,78,24,54,7,0.6,62,41
1/31/2019,41,12,30,5,0.5,22,82
2/1/2019,82,60,68,6,0.8,32,67
2/2/2019,70,51,64,7,0.7,30,88
2/3/2019,93,69,58,9,1.3,38,42
2/4/2019,103,77,127,8,0.9,29,87
2/5/2019,61,19,72,7,0.4,26,80
2/6/2019,62,44,69,7,0.8,31,85
2/7/2019,48,24,48,5,0.6,15,78
2/8/2019,36,10,24,5,0.4,16,72
2/9/2019,38,11,21,5,0.4,14,75
2/10/2019,36,15,25,6,0.4,17,71
2/11/2019,39,27,30,7,0.6,25,70
2/12/2019,39,20,26,5,0.5,31,72
2/13/2019,44,23,38,5,0.6,22,88
2/14/2019,44,23,41,5,0.6,26,88
2/15/2019,42,15,18,5,0.5,33,68
2/16/2019,57,40,58,6,0.7,22,77
2/17/2019,44,27,38,7,0.6,22,88
2/18/2019,50,16,18,5,0.5,40,66
2/19/2019,67,31,37,6,0.9,53,32
2/20/2019,62,44,38,5,0.8,42,61
2/21/2019,77,56,57,5,0.8,36,83
2/22/2019,64,46,39,5,0.8,42,68
2/23/2019,160,122,121,9,1.2,65,85
2/24/2019,135,103,90,10,1.3,74,110
2/25/2019,102,76,72,7,1.2,79,82
2/26/2019,53,37,37,6,0.7,41,95
2/27/2019,60,26,40,6,0.6,48,69
2/28/2019,58,31,41,7,0.6,46,75
3/1/2019,119,90,79,8,0.9,62,113
3/2/2019,69,50,53,7,0.7,51,91
3/3/2019,100,75,83,9,0.9,65,75
3/4/2019,127,96,108,10,1,56,109
3/5/2019,108,81,81,7,0.8,54,96
3/6/2019,103,77,101,7,1,48,114
3/7/2019,92,68,53,6,0.8,31,115
3/8/2019,52,20,42,6,0.5,41,91
3/9/2019,100,32,35,6,0.8,80,42
3/10/2019,69,49,49,5,0.8,55,56
3/11/2019,95,71,117,9,0.9,71,113
3/12/2019,105,79,114,9,0.9,56,114
3/13/2019,60,20,70,6,0.5,39,91
3/14/2019,58,19,35,5,0.6,46,86
3/15/2019,68,47,74,9,0.7,54,106
3/16/2019,81,39,76,9,0.7,55,137
3/17/2019,107,80,100,13,0.9,65,156
3/18/2019,55,33,32,6,0.6,44,98
3/19/2019,64,35,37,6,0.6,51,115
3/20/2019,59,31,55,7,0.8,46,110
3/21/2019,74,54,50,6,0.9,37,93
3/22/2019,46,16,34,5,0.5,21,92
3/23/2019,52,28,43,8,0.7,37,102
3/24/2019,69,34,53,7,0.6,35,122
3/25/2019,80,58,63,6,0.8,64,91
3/26/2019,82,59,57,9,0.8,65,116
3/27/2019,84,47,56,8,0.8,67,91
3/28/2019,97,66,86,8,1,77,71
3/29/2019,63,45,59,6,0.7,50,103
3/30/2019,78,57,70,8,0.8,48,99
3/31/2019,54,15,50,6,0.5,26,104
4/1/2019,77,25,58,7,0.6,43,132
4/2/2019,71,30,64,7,0.7,48,125
4/3/2019,77,47,64,8,0.8,61,94
4/4/2019,54,38,46,5,0.6,37,98
4/5/2019,97,67,86,9,0.9,50,156
4/6/2019,90,57,58,9,0.8,45,147
4/7/2019,119,90,111,11,1,56,180
4/8/2019,98,73,82,9,0.9,53,138
4/9/2019,55,35,48,5,0.8,29,105
4/10/2019,43,19,25,5,0.6,30,86
4/11/2019,56,25,39,6,0.6,44,107
4/12/2019,84,53,57,8,0.8,62,140
4/13/2019,77,26,38,6,0.5,34,132
4/14/2019,67,48,59,7,0.8,45,117
4/15/2019,63,32,63,6,0.6,43,115
4/16/2019,57,19,49,6,0.5,36,108
4/17/2019,75,44,60,5,0.6,43,130
4/18/2019,115,46,72,7,0.7,43,176
4/19/2019,60,43,46,6,0.6,47,87
4/20/2019,45,19,33,5,0.5,29,89
4/21/2019,49,26,37,5,0.6,39,52
4/22/2019,54,19,19,4,0.6,43,43
4/23/2019,74,49,58,6,1,59,87
4/24/2019,123,93,63,8,1.2,77,58
4/25/2019,62,37,38,6,0.7,49,74
4/26/2019,44,24,38,5,0.6,35,82
4/27/2019,66,16,34,6,0.5,27,119
4/28/2019,58,31,33,5,0.6,46,80
4/29/2019,68,34,21,5,0.6,54,50
4/30/2019,54,24,27,5,0.6,43,74
5/1/2019,85,59,84,9,1,55,141
5/2/2019,74,33,97,8,0.7,59,122
5/3/2019,80,30,73,7,0.6,64,132
5/4/2019,92,36,67,8,0.6,53,150
5/5/2019,90,40,50,7,0.6,27,147
5/6/2019,59,22,42,6,0.4,22,110
5/7/2019,66,13,48,6,0.4,26,119
5/8/2019,70,17,45,6,0.4,29,124
5/9/2019,127,36,57,9,0.6,42,189
5/10/2019,103,37,51,8,0.5,35,163
5/11/2019,150,41,61,9,0.6,41,215
5/12/2019,112,35,51,7,0.6,33,173
5/13/2019,58,25,36,8,0.6,32,109
5/14/2019,55,22,27,6,0.6,25,106
5/15/2019,36,20,21,6,0.6,28,71
5/16/2019,60,43,35,6,0.7,41,53
5/17/2019,49,23,27,6,0.6,39,67
5/18/2019,54,38,39,7,0.8,39,81
5/19/2019,80,59,58,7,0.7,48,84
5/20/2019,61,28,67,7,0.5,36,113
5/21/2019,125,32,84,9,0.5,52,187
5/22/2019,155,43,84,10,0.7,48,220
5/23/2019,202,62,101,11,0.8,56,274
5/24/2019,123,34,67,7,0.5,40,185
5/25/2019,70,23,50,5,0.5,17,124
5/26/2019,45,21,28,4,0.5,17,89
5/27/2019,56,28,31,5,0.7,21,107
5/28/2019,62,12,31,5,0.5,29,114
5/29/2019,92,25,50,6,0.6,73,114
5/30/2019,85,25,44,6,0.6,45,142
5/31/2019,86,59,48,5,0.8,42,143
6/1/2019,65,33,30,5,0.6,30,118
6/2/2019,71,19,25,5,0.5,25,125
6/3/2019,87,30,30,5,0.6,23,144
6/4/2019,96,32,38,5,0.6,29,155
6/5/2019,91,42,44,4,0.6,22,149
6/6/2019,44,21,34,5,0.6,22,88
6/7/2019,59,18,25,5,0.5,23,110
6/8/2019,89,26,29,5,0.4,20,146
6/9/2019,87,26,30,5,0.5,18,144
6/10/2019,60,40,42,5,0.6,30,111
6/11/2019,63,25,29,5,0.4,23,115
6/12/2019,63,18,27,5,0.3,21,115
6/13/2019,54,21,25,5,0.4,24,104
6/14/2019,68,17,22,5,0.4,23,121
6/15/2019,173,57,66,10,0.7,42,238
6/16/2019,177,77,73,11,0.7,42,242
6/17/2019,80,29,37,8,0.5,29,136
6/18/2019,45,19,18,5,0.6,36,78
6/19/2019,46,28,19,5,0.6,31,92
6/20/2019,36,22,22,5,0.5,28,71
6/21/2019,39,19,20,5,0.5,22,78
6/22/2019,44,28,29,5,0.5,24,87
6/23/2019,60,27,32,5,0.5,19,112
6/24/2019,73,22,27,5,0.4,19,127
6/25/2019,45,14,23,5,0.4,21,89
6/26/2019,47,19,21,5,0.5,37,57
6/27/2019,75,33,28,5,0.5,31,130
6/28/2019,121,43,42,6,0.6,33,183
6/29/2019,57,40,38,6,0.9,44,78
6/30/2019,48,21,15,4,0.7,37,95
7/1/2019,48,17,15,4,0.5,31,95
7/2/2019,65,18,23,5,0.4,31,118
7/3/2019,71,23,29,5,0.4,23,125
7/4/2019,70,36,37,5,0.5,28,124
7/5/2019,61,37,36,6,0.5,30,113
7/6/2019,74,36,31,5,0.4,23,128
7/7/2019,137,34,38,5,0.6,31,200
7/8/2019,112,54,49,7,0.7,32,173
7/9/2019,37,16,17,5,0.4,23,73
7/10/2019,43,16,20,5,0.5,34,73
7/11/2019,58,32,34,5,0.6,46,97
7/12/2019,44,28,25,5,0.5,35,64
7/13/2019,48,9,11,4,0.5,28,95
7/14/2019,93,31,29,6,0.5,34,151
7/15/2019,64,22,27,5,0.4,24,116
7/16/2019,38,17,23,5,0.4,24,75
7/17/2019,39,20,28,5,0.4,21,77
7/18/2019,25,10,21,4,0.3,20,35
7/19/2019,25,9,17,4,0.3,20,43
7/20/2019,45,25,33,5,0.6,33,90
7/21/2019,92,38,40,5,0.5,33,150
7/22/2019,90,31,40,5,0.5,23,147
7/23/2019,116,23,38,5,0.5,27,177
7/24/2019,78,31,46,5,0.7,40,133
7/25/2019,71,37,51,5,0.7,45,125
7/26/2019,97,47,59,5,0.8,45,156
7/27/2019,72,34,48,6,0.7,41,126
7/28/2019,70,20,33,5,0.5,20,124
7/29/2019,90,16,29,5,0.4,21,148
7/30/2019,99,15,30,6,0.4,23,158
7/31/2019,64,12,25,6,0.5,21,116
8/1/2019,38,9,24,5,0.4,18,75
8/2/2019,25,8,22,5,0.4,17,50
8/3/2019,25,13,25,6,0.4,19,44
8/4/2019,30,6,16,4,0.5,24,36
8/5/2019,24,9,23,5,0.4,19,41
8/6/2019,36,17,25,6,0.4,19,71
8/7/2019,38,24,35,5,0.4,19,76
8/8/2019,26,11,26,5,0.4,16,30
8/9/2019,25,11,25,5,0.4,11,25
8/10/2019,39,12,20,4,0.5,6,78
8/11/2019,40,8,14,4,0.5,16,79
8/12/2019,89,20,35,5,0.6,27,146
8/13/2019,85,32,40,6,0.7,44,141
8/14/2019,143,46,53,6,0.9,45,207
8/15/2019,118,42,46,7,1.1,32,179
8/16/2019,170,46,54,7,1,31,235
8/17/2019,181,53,66,7,0.9,33,246
8/18/2019,93,41,47,5,0.7,33,151
8/19/2019,82,17,27,5,0.6,26,138
8/20/2019,67,15,25,6,0.6,24,120
8/21/2019,110,25,41,7,0.7,34,171
8/22/2019,93,36,49,6,0.7,30,151
8/23/2019,64,32,41,6,0.6,28,116
8/24/2019,36,21,28,6,0.5,26,71
8/25/2019,23,11,23,5,0.4,18,46
8/26/2019,81,17,32,5,0.5,23,137
8/27/2019,85,28,44,6,0.6,40,142
8/28/2019,46,17,20,5,0.6,31,91
8/29/2019,55,22,24,5,0.7,44,84
8/30/2019,111,54,51,7,0.9,49,172
8/31/2019,85,42,38,6,0.7,32,142
9/1/2019,54,13,14,5,0.5,29,104
9/2/2019,42,8,10,5,0.5,33,74
9/3/2019,68,16,21,5,0.6,54,36
9/4/2019,64,31,27,6,0.7,51,42
9/5/2019,42,12,17,6,0.5,33,27
9/6/2019,28,7,14,5,0.5,22,24
9/7/2019,79,22,36,7,0.7,35,134
9/8/2019,93,33,41,6,0.7,33,151
9/9/2019,47,24,33,6,0.6,37,88
9/10/2019,120,36,54,7,0.8,47,182
9/11/2019,65,32,34,6,0.6,27,117
9/12/2019,63,18,27,6,0.6,30,115
9/13/2019,54,15,25,6,0.5,24,104
9/14/2019,46,15,29,6,0.5,25,91
9/15/2019,54,12,22,6,0.7,21,104
9/16/2019,76,15,33,7,0.6,24,131
9/17/2019,66,22,40,6,0.7,24,119
9/18/2019,72,14,37,6,0.6,21,126
9/19/2019,48,11,33,6,0.6,20,95
9/20/2019,75,14,32,6,0.6,23,129
9/21/2019,50,10,18,5,0.5,17,100
9/22/2019,45,11,22,6,0.6,21,89
9/23/2019,52,21,44,7,0.7,39,102
9/24/2019,110,38,63,10,0.9,63,170
9/25/2019,96,46,54,8,0.8,53,155
9/26/2019,74,23,32,7,0.6,36,128
9/27/2019,63,25,36,7,0.6,41,115
9/28/2019,52,36,44,7,0.6,37,102
9/29/2019,56,30,37,6,0.5,33,107
9/30/2019,46,30,40,6,0.5,29,92
10/1/2019,20,12,14,6,0.4,16,30
10/2/2019,28,12,19,8,0.6,22,45
10/3/2019,47,19,29,8,0.7,37,72
10/4/2019,61,35,33,8,0.6,28,113
10/5/2019,56,27,35,6,0.6,21,107
10/6/2019,49,10,30,6,0.4,23,98
10/7/2019,53,35,52,8,0.7,42,60
10/8/2019,80,59,55,9,1.1,51,59
10/9/2019,60,43,48,8,0.7,47,87
10/10/2019,69,15,36,9,0.5,36,122
10/11/2019,57,38,48,10,0.6,45,72
10/12/2019,70,29,44,8,0.6,28,124
10/13/2019,60,21,36,7,0.5,30,111
10/14/2019,45,19,34,7,0.5,27,90
10/15/2019,39,11,28,6,0.4,23,77
10/16/2019,49,17,36,7,0.5,39,87
10/17/2019,52,21,38,8,0.6,41,95
10/18/2019,55,18,32,7,0.5,37,106
10/19/2019,75,35,45,8,0.6,48,129
10/20/2019,87,44,48,8,0.7,54,144
10/21/2019,68,35,38,7,0.6,46,121
10/22/2019,74,31,42,8,0.6,59,116
10/23/2019,70,36,45,7,0.6,44,123
10/24/2019,61,27,38,7,0.6,44,113
10/25/2019,84,48,64,9,0.7,50,140
10/26/2019,38,20,34,7,0.5,30,74
10/27/2019,72,24,44,8,0.6,57,63
10/28/2019,95,61,64,9,0.9,76,88
10/29/2019,128,71,205,12,1,71,112
10/30/2019,131,46,212,10,0.8,79,104
10/31/2019,129,52,207,10,0.7,70,158
11/1/2019,87,42,111,9,0.7,69,135
11/2/2019,110,72,146,9,0.9,60,171
11/3/2019,55,28,45,8,0.6,34,106
11/4/2019,60,32,50,8,0.7,33,112
11/5/2019,50,16,30,7,0.5,36,100
11/6/2019,58,15,26,7,0.5,46,90
11/7/2019,62,32,41,8,0.7,40,114
11/8/2019,45,13,29,7,0.5,29,89
11/9/2019,54,12,25,7,0.5,43,92
11/10/2019,76,39,63,9,0.7,54,131
11/11/2019,97,44,103,12,0.9,77,81
11/12/2019,70,25,75,7,0.6,56,72
11/13/2019,74,54,74,10,0.9,55,93
11/14/2019,67,20,84,7,0.6,38,77
11/15/2019,60,20,60,8,0.6,48,108
11/16/2019,58,22,50,9,0.5,46,109
11/17/2019,62,34,60,9,0.7,49,82
11/18/2019,84,47,118,7,0.7,37,63
11/19/2019,93,33,135,9,0.6,36,69
11/20/2019,65,23,79,7,0.6,49,76
11/21/2019,62,12,31,6,0.5,49,62
11/22/2019,80,26,49,9,0.5,64,50
11/23/2019,69,21,37,7,0.5,55,41
11/24/2019,50,32,33,6,0.7,40,62
11/25/2019,33,13,29,5,0.4,26,59
11/26/2019,48,15,26,5,0.5,38,47
11/27/2019,44,16,18,5,0.4,35,49
11/28/2019,38,16,32,6,0.5,30,57
11/29/2019,54,17,32,6,0.5,43,47
11/30/2019,73,15,24,6,0.5,58,38
12/1/2019,53,27,22,5,0.9,42,41
12/2/2019,93,69,63,12,1,61,52
12/3/2019,112,84,87,15,1.1,95,61
12/4/2019,139,106,101,15,1.3,115,44
12/5/2019,78,54,53,11,0.7,62,74
12/6/2019,40,14,23,6,0.4,32,76
12/7/2019,80,38,47,9,0.6,64,84
12/8/2019,108,74,76,13,1,96,75
12/9/2019,115,87,81,11,0.9,101,69
12/10/2019,116,72,75,12,0.9,112,73
12/11/2019,148,113,112,14,1.3,94,90
12/12/2019,74,33,44,8,0.7,59,73
12/13/2019,93,33,57,9,0.8,74,73
12/14/2019,83,57,70,9,0.9,66,77
12/15/2019,54,17,31,7,0.5,43,61
12/16/2019,75,34,49,7,0.7,60,61
12/17/2019,103,77,62,8,1.2,60,16
12/18/2019,42,28,29,5,0.7,33,54
12/19/2019,57,28,35,6,0.6,45,40
12/20/2019,65,41,41,8,0.7,52,52
12/21/2019,63,27,24,6,0.6,50,62
12/22/2019,57,18,20,6,0.6,45,63
12/23/2019,64,33,30,6,0.7,51,69
12/24/2019,54,34,36,6,0.7,43,64
12/25/2019,83,27,30,6,0.7,66,35
12/26/2019,57,33,26,6,1,45,41
12/27/2019,98,73,71,10,1,67,49
12/28/2019,100,75,68,10,1,68,74
12/29/2019,80,41,44,8,0.6,64,34
12/30/2019,102,76,61,10,0.8,48,87
12/31/2019,34,17,31,6,0.4,27,56
1/1/2020,54,14,24,6,0.4,43,60
1/2/2020,82,24,40,7,0.6,65,34
1/3/2020,72,39,40,8,0.6,57,30
1/4/2020,88,65,50,7,0.8,52,61
1/5/2020,63,40,38,7,0.6,50,64
1/6/2020,59,22,31,7,0.7,47,69
1/7/2020,67,34,32,6,1.2,53,27
1/8/2020,59,42,40,6,1.1,44,42
1/9/2020,58,33,31,6,0.8,46,47
1/10/2020,45,16,19,5,0.5,36,53
1/11/2020,49,31,22,6,0.7,39,57
1/12/2020,147,112,83,11,1.4,57,59
1/13/2020,155,118,86,10,1.3,67,65
1/14/2020,156,119,87,9,1.3,64,64
1/15/2020,59,39,27,6,0.6,47,65
1/16/2020,44,11,12,5,0.4,35,63
1/17/2020,59,42,36,6,0.7,41,56
1/18/2020,92,68,53,7,0.9,43,55
1/19/2020,113,85,65,7,1,59,67
1/20/2020,173,131,106,10,1.4,76,103
1/21/2020,128,97,66,6,1,57,113
1/22/2020,104,78,44,5,1.2,55,69
1/23/2020,49,34,21,4,0.7,35,66
1/24/2020,62,44,52,5,0.7,25,97
1/25/2020,35,14,14,4,0.5,21,69
1/26/2020,39,16,20,5,0.6,18,77
1/27/2020,40,24,22,4,0.6,19,79
1/28/2020,110,83,66,6,1.1,25,62
1/29/2020,92,68,55,8,0.9,22,102
1/30/2020,95,71,59,9,1.1,22,98
1/31/2020,68,49,41,9,0.9,34,89
2/1/2020,57,30,26,7,0.7,45,81
2/2/2020,52,36,24,6,0.6,31,101
2/3/2020,82,60,44,6,0.8,39,103
2/4/2020,46,19,21,5,0.5,29,91
2/5/2020,45,27,31,5,0.6,29,89
2/6/2020,40,17,21,4,0.5,15,79
2/7/2020,41,24,24,5,0.6,17,81
2/8/2020,58,41,37,5,0.6,21,79
2/9/2020,104,78,65,6,0.9,31,97
2/10/2020,67,48,42,8,0.7,33,104
2/11/2020,45,26,21,5,0.5,24,89
2/12/2020,68,49,36,6,0.9,43,64
2/13/2020,73,53,32,5,0.8,29,69
2/14/2020,39,18,10,4,0.6,31,66
2/15/2020,30,13,7,4,0.6,24,48
2/16/2020,40,25,36,6,0.6,15,79
2/17/2020,42,17,27,7,0.5,18,84
2/18/2020,42,18,23,8,0.6,27,84
2/19/2020,55,13,20,5,0.3,23,106
2/20/2020,48,16,22,5,0.3,38,90
2/21/2020,46,29,31,6,0.5,33,91
2/22/2020,93,69,96,9,0.7,33,115
2/23/2020,56,27,53,5,0.4,24,107
2/24/2020,75,38,69,8,0.6,26,129
2/25/2020,65,47,52,7,0.8,35,86
2/26/2020,44,28,36,4,0.6,19,87
2/27/2020,47,29,44,5,0.6,21,94
2/28/2020,52,36,42,5,0.8,37,76
2/29/2020,47,26,16,5,0.7,37,63
3/1/2020,40,16,13,4,0.6,23,79
3/2/2020,48,24,28,5,0.8,18,96
3/3/2020,41,22,33,5,0.6,29,82
3/4/2020,47,29,35,5,0.6,22,94
3/5/2020,50,22,30,5,0.5,20,99
3/6/2020,62,22,32,5,0.5,22,114
3/7/2020,82,60,44,6,0.7,37,106
3/8/2020,55,18,19,4,0.4,23,106
3/9/2020,43,12,7,4,0.6,34,82
3/10/2020,48,30,30,5,0.7,29,96
3/11/2020,85,63,63,6,0.8,50,112
3/12/2020,69,50,48,6,0.7,30,110
3/13/2020,42,23,25,4,0.6,32,84
3/14/2020,46,25,46,6,0.6,32,88
3/15/2020,70,44,73,8,0.7,56,109
3/16/2020,44,15,37,6,0.5,25,88
3/17/2020,76,31,58,10,0.6,49,131
3/18/2020,104,51,74,12,0.7,57,164
3/19/2020,63,34,76,9,0.5,38,90
3/20/2020,64,15,61,11,0.4,34,116
3/21/2020,80,35,64,13,0.7,44,136
3/22/2020,54,38,36,6,0.6,28,103
3/23/2020,47,14,29,6,0.4,33,94
3/24/2020,54,24,37,6,0.4,39,104
3/25/2020,66,16,39,8,0.5,27,119
3/26/2020,69,35,42,9,0.8,55,50
3/27/2020,43,13,39,5,0.5,19,86
3/28/2020,39,8,25,5,0.4,18,77
3/29/2020,37,8,28,6,0.4,24,73
3/30/2020,40,13,23,5,0.5,32,79
3/31/2020,46,16,27,5,0.5,34,91
4/1/2020,71,37,41,7,0.6,29,125
4/2/2020,58,17,45,6,0.4,29,109
4/3/2020,61,27,47,7,0.5,37,113
4/4/2020,95,47,72,9,0.6,52,153
4/5/2020,62,13,41,6,0.4,18,114
4/6/2020,46,15,38,6,0.4,32,92
4/7/2020,75,25,46,7,0.5,60,93
4/8/2020,80,29,52,8,0.6,64,126
4/9/2020,65,34,54,7,0.5,41,117
4/10/2020,62,23,46,6,0.5,26,114
4/11/2020,48,22,29,5,0.5,25,96
4/12/2020,73,52,54,8,0.8,34,127
4/13/2020,85,56,82,10,0.9,55,141
4/14/2020,112,61,76,9,0.7,54,173
4/15/2020,86,54,72,9,0.7,60,143
4/16/2020,104,36,59,9,0.6,41,164
4/17/2020,101,53,107,10,1,81,88
4/18/2020,75,43,72,7,0.8,44,129
4/19/2020,60,32,28,5,0.8,30,111
4/20/2020,100,54,46,7,0.9,45,159
4/21/2020,45,21,29,6,0.5,32,90
4/22/2020,63,24,48,7,0.5,38,115
4/23/2020,65,22,50,7,0.5,29,118
4/24/2020,98,38,71,10,0.6,49,157
4/25/2020,95,41,71,9,0.6,47,154
4/26/2020,65,32,70,7,0.5,27,118
4/27/2020,55,18,37,6,0.4,31,105
4/28/2020,59,20,36,6,0.4,38,110
4/29/2020,93,20,45,8,0.5,31,151
4/30/2020,130,35,66,10,0.7,40,192
5/1/2020,59,39,61,9,0.7,47,63
5/2/2020,88,30,38,7,0.6,26,145
5/3/2020,132,54,74,8,0.8,49,195
5/4/2020,77,56,43,7,0.7,47,130
5/5/2020,56,27,24,5,0.7,26,107
5/6/2020,38,23,27,6,0.6,30,73
5/7/2020,60,25,36,6,0.6,22,111
5/8/2020,38,17,28,6,0.6,19,75
5/9/2020,62,44,41,6,1,41,80
5/10/2020,103,77,65,7,1,48,89
5/11/2020,130,82,67,7,0.9,42,192
5/12/2020,100,24,66,9,0.6,38,160
5/13/2020,69,18,80,7,0.5,32,122
5/14/2020,81,19,80,7,0.6,22,137
5/15/2020,57,33,42,7,0.8,43,108
5/16/2020,90,67,43,7,0.9,62,83
5/17/2020,95,69,48,9,0.9,38,153
5/18/2020,99,36,67,9,0.8,36,158
5/19/2020,92,28,73,9,0.7,39,150
5/20/2020,134,39,70,9,0.6,35,197
5/21/2020,88,21,50,7,0.6,22,145
5/22/2020,78,19,37,7,0.6,23,133
5/23/2020,57,22,36,8,0.6,22,108
5/24/2020,106,39,54,8,0.7,24,166
5/25/2020,73,53,52,7,0.8,30,126
5/26/2020,46,17,19,6,0.6,31,92
5/27/2020,74,39,47,7,0.8,52,128
5/28/2020,157,63,73,9,0.9,47,222
5/29/2020,87,64,58,8,0.8,49,102
5/30/2020,59,11,15,6,0.5,23,110
5/31/2020,111,55,55,7,1,44,172
6/1/2020,129,57,58,7,0.8,36,191
6/2/2020,130,28,44,8,0.7,33,192
6/3/2020,58,26,30,6,0.8,46,74
6/4/2020,89,42,48,6,0.9,51,146
6/5/2020,41,22,18,5,0.7,32,82
6/6/2020,46,11,16,5,0.6,21,92
6/7/2020,67,21,35,6,0.5,22,120
6/8/2020,52,31,54,6,0.6,20,95
6/9/2020,30,12,15,5,0.5,21,60
6/10/2020,55,36,33,5,0.7,44,56
6/11/2020,72,52,33,5,0.7,36,77
6/12/2020,119,47,42,5,0.7,34,180
6/13/2020,127,39,52,6,0.7,44,189
6/14/2020,58,32,40,6,0.8,40,109
6/15/2020,59,42,26,5,0.8,41,68
6/16/2020,72,23,22,5,0.6,32,126
6/17/2020,66,40,46,5,0.7,33,119
6/18/2020,47,26,33,5,0.8,37,82
6/19/2020,85,24,29,5,0.7,23,141
6/20/2020,70,39,32,5,0.6,24,124
6/21/2020,44,12,11,4,0.5,22,87
6/22/2020,44,14,19,5,0.6,23,87
6/23/2020,52,19,22,5,0.7,26,102
6/24/2020,54,30,31,5,0.9,43,88
6/25/2020,54,38,29,5,0.9,39,84
6/26/2020,77,32,29,5,0.7,26,132
6/27/2020,45,25,23,6,0.7,36,65
6/28/2020,48,18,15,5,0.6,38,72
6/29/2020,38,26,28,6,0.7,29,74
6/30/2020,111,22,30,8,0.7,31,172
7/1/2020,75,17,23,6,0.5,23,130
7/2/2020,47,13,20,5,0.5,19,94
7/3/2020,46,14,20,5,0.6,24,92
7/4/2020,43,11,16,5,0.5,22,86
7/5/2020,44,24,21,4,0.7,35,72
7/6/2020,53,25,21,5,0.8,42,47
7/7/2020,91,27,31,5,0.7,32,149
7/8/2020,52,25,25,5,0.6,41,70
7/9/2020,44,18,15,4,0.5,35,51
7/10/2020,35,20,20,4,0.5,26,70
7/11/2020,43,28,22,4,0.5,34,56
7/12/2020,109,39,51,6,0.6,31,169
7/13/2020,49,27,34,5,0.8,39,62
7/14/2020,53,37,31,4,0.8,38,82
7/15/2020,43,15,12,4,0.5,30,85
7/16/2020,43,15,19,4,0.5,26,85
7/17/2020,43,17,21,4,0.5,34,55
7/18/2020,83,42,55,5,0.7,43,139
7/19/2020,78,31,44,6,0.7,33,133
7/20/2020,50,27,27,6,0.9,40,53
7/21/2020,110,61,57,6,0.8,42,171
7/22/2020,120,56,55,7,0.7,46,182
7/23/2020,91,23,42,6,0.5,33,149
7/24/2020,61,31,43,6,0.7,34,113
7/25/2020,156,60,61,7,0.8,34,221
7/26/2020,120,38,44,6,0.6,32,181
7/27/2020,56,34,46,6,0.6,35,107
7/28/2020,67,37,48,6,0.6,41,120
7/29/2020,60,14,27,6,0.4,25,112
7/30/2020,38,10,24,5,0.4,18,75
7/31/2020,29,11,29,5,0.4,17,55
8/1/2020,60,11,31,6,0.4,17,111
8/2/2020,61,14,34,6,0.4,18,113
8/3/2020,28,9,27,5,0.3,16,56
8/4/2020,28,8,28,5,0.4,13,52
8/5/2020,31,9,21,5,0.5,20,61
8/6/2020,78,21,37,6,0.5,29,133
8/7/2020,93,30,51,6,0.6,34,151
8/8/2020,76,21,40,7,0.5,28,131
8/9/2020,95,26,41,7,0.5,22,153
8/10/2020,67,22,40,6,0.6,31,120
8/11/2020,68,17,35,6,0.5,26,121
8/12/2020,75,16,35,7,0.5,25,129
8/13/2020,102,21,41,7,0.5,27,162
8/14/2020,115,25,49,8,0.6,30,176
8/15/2020,71,13,29,7,0.5,22,125
8/16/2020,95,18,37,7,0.5,20,153
8/17/2020,54,25,46,7,0.4,19,104
8/18/2020,49,28,46,8,0.4,18,98
8/19/2020,57,25,42,7,0.5,20,108
8/20/2020,58,23,38,6,0.5,22,109
8/21/2020,39,23,36,5,0.4,19,78
8/22/2020,34,21,34,4,0.5,21,58
8/23/2020,34,22,34,5,0.4,24,64
8/24/2020,32,15,25,4,0.4,22,64
8/25/2020,40,12,30,5,0.5,20,80
8/26/2020,35,19,34,5,0.7,28,64
8/27/2020,97,34,48,5,0.8,29,156
8/28/2020,40,15,19,4,0.6,30,79
8/29/2020,43,23,25,4,0.6,34,64
8/30/2020,43,30,29,4,0.6,25,72
8/31/2020,27,14,22,6,0.4,17,54
9/1/2020,33,14,26,4,0.4,16,66
9/2/2020,33,17,31,5,0.6,22,66
9/3/2020,132,41,65,8,0.9,40,195
9/4/2020,131,41,60,8,0.7,38,194
9/5/2020,89,20,38,6,0.5,29,146
9/6/2020,80,21,43,6,0.6,26,135
9/7/2020,179,54,98,12,1.1,48,244
9/8/2020,146,44,76,8,0.8,50,210
9/9/2020,115,26,46,7,0.7,38,176
9/10/2020,73,26,36,5,0.6,29,127
9/11/2020,49,21,27,5,0.7,39,90
9/12/2020,49,23,34,6,0.8,36,98
9/13/2020,63,19,38,5,0.7,37,115
9/14/2020,52,18,21,5,0.7,41,88
9/15/2020,64,23,18,6,0.8,51,53
9/16/2020,68,45,40,6,1.2,54,96
9/17/2020,50,26,19,5,0.8,33,100
9/18/2020,67,28,29,5,0.9,53,72
9/19/2020,95,71,60,7,1.2,72,67
9/20/2020,67,28,38,6,0.8,53,118
9/21/2020,62,19,33,6,0.7,49,93
9/22/2020,61,15,30,6,0.7,44,113
9/23/2020,65,15,27,5,0.7,52,61
9/24/2020,59,21,35,6,0.8,47,91
9/25/2020,53,16,32,6,0.7,42,93
9/26/2020,45,13,29,5,0.6,36,89
9/27/2020,46,10,26,5,0.5,29,92
9/28/2020,46,10,28,6,0.5,31,92
9/29/2020,44,11,27,6,0.5,35,87
9/30/2020,53,17,35,6,0.5,35,103
10/1/2020,83,26,42,6,0.6,30,139
10/2/2020,86,21,34,6,0.6,21,143
10/3/2020,37,12,24,6,0.5,28,73
10/4/2020,46,10,19,6,0.6,19,92
10/5/2020,40,12,33,6,0.6,24,79
10/6/2020,43,11,27,7,0.7,24,85
10/7/2020,46,10,27,6,0.5,22,91
10/8/2020,53,12,31,6,0.5,27,103
10/9/2020,51,12,32,6,0.5,35,101
10/10/2020,56,15,35,6,0.5,36,107
